month,P1_base,P1_scale_base,P2_base,P2_scale_base,P3_base,Benchmark_base,P3_scale_base,Benchmark_scale_base,Risk_free,P1_stress,P1_scale_stress,P2_stress,P2_scale_stress,P3_stress,Benchmark_stress,P3_scale_stress,Benchmark_scale_stress,P1_base_proportional_drag_sensitivity,P2_base_proportional_drag_sensitivity,P3_base_proportional_drag_sensitivity,P1_stress_proportional_drag_sensitivity,P2_stress_proportional_drag_sensitivity,P3_stress_proportional_drag_sensitivity,P3_base_actual_inner_scale_financing_sensitivity,P3_stress_actual_inner_scale_financing_sensitivity
1991-01,-0.00375503825401,0.890519616932,,,,,,,,-0.00458837158734,0.890519616932,,,,,,,-0.00366380460145,,,-0.00440590428223,,,,
1991-02,-0.0201340505616,0.891133286804,,,,,,,,-0.0209673838949,0.891133286804,,,,,,,-0.0200433283006,,,-0.0207859393729,,,,
1991-03,-0.0175917535445,0.880257431874,,,,,,,,-0.0184250868779,0.880257431874,,,,,,,-0.0174919680711,,,-0.018225515931,,,,
1991-04,0.0288370088191,0.890799030384,,,,,,,,0.0280036754858,0.890799030384,,,,,,,0.0289280096271,,,0.0281856771018,,,,
1991-05,-0.00925680398746,0.888037481893,,,,,,,,-0.0100901373208,0.888037481893,,,,,,,-0.00916350188904,,,-0.00990353312395,,,,
1991-06,0.0109372276349,0.887886543633,,,,,,,,0.0101038943016,0.887886543633,,,,,,,0.0110306555152,,,0.0102907500622,,,,
1991-07,-0.0327956843882,0.912531367526,,,,,,,,-0.0336290177216,0.912531367526,,,,,,,-0.0327227938612,,,-0.0334832366674,,,,
1991-08,0.0225912426284,0.891234204293,,,,,,,,0.021757909295,0.891234204293,,,,,,,0.0226818807914,,,0.0219391856212,,,,
1991-09,0.020534270169,0.888334346447,,,,,,,,0.0197009368356,0.888334346447,,,,,,,0.0206273248803,,,0.0198870462582,,,,
1991-10,0.00473963151563,0.886091432709,,,,,,,,0.00390629818229,0.886091432709,,,,,,,0.0048345553217,,,0.00409614579444,,,,
1991-11,-0.00624491767874,0.886146099152,,,,,,,,-0.00707825101207,0.886146099152,,,,,,,-0.00615003942803,,,-0.00688849451066,,,,
1991-12,0.0436342585623,0.883195786641,,,,,,,,0.042800925229,0.883195786641,,,,,,,0.0437315954068,,,0.0429955989179,,,,
1992-01,-0.00982525014375,0.864990809428,,,,,,,,-0.0106585834771,0.864990809428,,,,,,,-0.00971274248494,,,-0.0104335681595,,,,
1992-02,-0.000324420244961,0.896969414768,,,,,,,,-0.00115775357829,0.896969414768,,,,,,,-0.000238561423934,,,-0.000986035936241,,,,
1992-03,-0.0150888692179,0.970566548853,,,,,,,,-0.0159222025512,0.970566548853,,,,,,,-0.0150643413419,,,-0.0158731467993,,,,
1992-04,0.0136845658595,0.986137009525,,,,,,,,0.0128512325262,0.986137009525,,,,,,,0.0136961183516,,,0.0128743375103,,,,
1992-05,0.0146060053161,0.98583935937,,,,,,,,0.0137726719828,0.98583935937,,,,,,,0.0146178058499,,,0.0137962730505,,,,
1992-06,0.0204654610456,0.989463447194,,,,,,,,0.0196321277122,0.989463447194,,,,,,,0.0204742415063,,,0.0196496886336,,,,
1992-07,0.0405415738449,0.987342825485,,,,,,,,0.0397082405116,0.987342825485,,,,,,,0.0405521214903,,,0.0397293358024,,,,
1992-08,0.0454068970523,0.98802602157,,,,,,,,0.0445735637189,0.98802602157,,,,,,,0.0454168753676,,,0.0445935203497,,,,
1992-09,0.0310038248194,0.975706543325,,,,,,,,0.030170491486,0.975706543325,,,,,,,0.0310240693666,,,0.0302109805805,,,,
1992-10,0.0147880414186,0.971638656369,,,,,,,,0.0139547080853,0.971638656369,,,,,,,0.0148116758717,,,0.0140019769914,,,,
1992-11,0.0211319635097,0.996349271516,,,,,,,,0.0202986301763,0.996349271516,,,,,,,0.0211350057834,,,0.0203047147238,,,,
1992-12,0.0128589284282,0.996363891563,,,,,,,,0.0120255950949,0.996363891563,,,,,,,0.0128619585186,,,0.0120316552756,,,,
1993-01,0.0232665723932,1.02212834787,,,,,,,,0.0224332390599,1.02212834787,,,,,,,0.0232481321033,,,0.0223963584801,,,,
1993-02,0.040693785031,1.02399637728,,,,,,,,0.0398604516977,1.02399637728,,,,,,,0.04067378805,,,0.0398204577356,,,,
1993-03,-0.0119212200266,1.00938080967,,,,,,,,-0.0127545533599,1.00938080967,,,,,,,-0.011929037368,,,-0.0127701880427,,,,
1993-04,-0.0201058291092,1.03362940769,,,,,,,,-0.0209391624426,1.03362940769,,,,,,,-0.0201338536156,,,-0.0209952114554,,,,
1993-05,0.0328463764999,1.02911270755,,,,,,,,0.0320130431666,1.02911270755,,,,,,,0.0328221159103,,,0.0319645219873,,,,
1993-06,0.00676109221556,1.0945756896,,,,,,,,0.00592775888223,1.0945756896,,,,,,,0.00668227914089,,,0.00577013273289,,,,
1993-07,0.0360123002223,1.09384209863,,,,,,,,0.035178966889,1.09384209863,,,,,,,0.0359340984734,,,0.0350225633912,,,,
1993-08,0.0671047701435,1.09321474251,,,,,,,,0.0662714368101,1.09321474251,,,,,,,0.0670270911914,,,0.066116078906,,,,
1993-09,-0.0304293366301,1.14510268225,,,,,,,,-0.0312626699635,1.14510268225,,,,,,,-0.030550255532,,,-0.0315045077672,,,,
1993-10,0.0614938078545,1.13798642913,,,,,,,,0.0606604745212,1.13798642913,,,,,,,0.0613788191636,,,0.0604304971393,,,,
1993-11,0.00858589293604,1.17741623525,-0.0127479166667,1.5,,,,,,0.0077525596027,1.17741623525,-0.01358125,1.5,,,,,0.00843804607333,-0.01358125,,0.00745686587729,-0.01483125,,,
1993-12,0.0867054764428,1.18339138541,0.00987395833333,1.5,,,,,,0.0858721431094,1.18339138541,0.009040625,1.5,,,,,0.0865526502882,0.009040625,,0.0855664908004,0.007790625,,,
1994-01,-0.00668274785774,1.09343823248,0.0129302083333,1.5,,,,,,-0.00751608119108,1.09343823248,0.012096875,1.5,,,,,-0.00676061305148,0.012096875,,-0.00767181157855,0.010846875,,,
1994-02,-0.0571099776165,1.09165320996,0.00393958333333,1.5,,,,,,-0.0579433109498,1.09165320996,0.00310625,1.5,,,,,-0.0571863552914,0.00310625,,-0.0580960662997,0.00185625,,,
1994-03,-0.0683893143396,1.02925038213,-0.00244479166667,1.5,,,,,,-0.069222647673,1.02925038213,-0.003278125,1.5,,,,,-0.0684136896581,-0.003278125,,-0.0692713983098,-0.004528125,,,
1994-04,0.000490646743112,0.943937588278,0.00418333333333,1.5,,,,,,-0.000342686590221,0.943937588278,0.00335,1.5,,,,,0.000537365419547,0.00335,,-0.000249249237352,0.0021,,,
1994-05,0.0154833945744,0.948542190557,0.00231770833333,1.5,,,,,,0.0146500612411,0.948542190557,0.001484375,1.5,,,,,0.0155262760823,0.001484375,,0.0147358242568,0.000234375,,,
1994-06,-0.0108378742978,0.955215108894,0.00781145833333,1.5,,,,,,-0.0116712076312,0.955215108894,0.006978125,1.5,,,,,-0.0108005535553,0.006978125,,-0.011596566146,0.005728125,,,
1994-07,-0.0167587395215,0.947534194443,0.000255208333333,1.5,,,,,,-0.0175920728549,0.947534194443,-0.000578125,1.5,,,,,-0.0167150180169,-0.000578125,,-0.0175046298456,-0.001828125,,,
1994-08,0.00900622688847,0.968507361261,-0.000785416666667,1.5,,,,,,0.00817289355514,0.968507361261,-0.00161875,1.5,,,,,0.00903247075409,-0.00161875,,0.00822538128637,-0.00286875,,,
1994-09,0.022290561853,0.971491003724,0.00193333333333,1.5,,,,,,0.0214572285196,0.971491003724,0.0011,1.5,,,,,0.0223143193499,0.0011,,0.0215047435134,-0.00015,,,
1994-10,0.00503358179938,0.971584530851,0.00439895833333,1.5,,,,,,0.00420024846604,0.971584530851,0.003565625,1.5,,,,,0.005057261357,0.003565625,,0.00424760758129,0.002315625,,,
1994-11,0.0130501766463,0.971537915364,0.00588958333333,1.5,,,,,,0.012216843313,0.971537915364,0.00505625,1.5,,,,,0.0130738950502,0.00505625,,0.0122642801207,0.00380625,,,
1994-12,0.0154238603905,0.976879749969,0.00902083333333,1.5,,,,,,0.0145905270571,0.976879749969,0.0081875,1.5,,,,,0.0154431272655,0.0081875,,0.0146290608072,0.0069375,,,
1995-01,0.00392707529419,1.00069972074,0.00698645833333,1.5,,,,,,0.00309374196085,1.00069972074,0.006153125,1.5,,,,,0.00392649219357,0.006153125,,0.00309257575963,0.004903125,,,
1995-02,-0.0105838154862,1.00845740051,-0.0118947916667,1.5,,,,,,-0.0114171488196,1.00845740051,-0.012728125,1.5,,,,,-0.01059086332,-0.012728125,,-0.0114312444871,-0.013978125,,,
1995-03,0.0539084390825,1.0025600242,-0.00134791666667,1.5,,,,,,0.0530751057491,1.0025600242,-0.00218125,1.5,,,,,0.053906305729,-0.00218125,,0.0530708390421,-0.00343125,,,
1995-04,-0.0194297250182,0.98585143649,0.0113645833333,1.5,,,,,,-0.0202630583516,0.98585143649,0.01053125,1.5,,,,,-0.0194179345486,0.01053125,,-0.0202394774124,0.00928125,,,
1995-05,0.0124848909216,0.969323534116,-0.00859479166667,1.5,,,,,,0.0116515575883,0.969323534116,-0.009428125,1.5,,,,,0.0125104546432,-0.009428125,,0.0117026850314,-0.010678125,,,
1995-06,0.00798202424322,0.969437463873,0.00324583333333,1.5,,,,,,0.00714869090988,0.969437463873,0.0024125,1.5,,,,,0.00800749302332,0.0024125,,0.00719962847009,0.0011625,,,
1995-07,-0.01809527176,0.970490420811,-0.0125322916667,1.5,,,,,,-0.0189286050933,0.970490420811,-0.013365625,1.5,,,,,-0.018070680444,-0.013365625,,-0.0188794224614,-0.014615625,,,
1995-08,-0.0178219399879,0.971349231526,-0.000682291666667,1.5,,,,,,-0.0186552733213,0.971349231526,-0.001515625,1.5,,,,,-0.0177980643476,-0.001515625,,-0.0186075220405,-0.002765625,,,
1995-09,0.0461333451987,0.981145067701,0.00853333333333,1.5,,,,,,0.0453000118654,0.981145067701,0.0077,1.5,,,,,0.0461490576423,0.0077,,0.0453314367525,0.00645,,,
1995-10,0.0163058257364,0.966171027974,0.00451145833333,1.5,,,,,,0.015472492403,0.966171027974,0.003678125,1.5,,,,,0.0163340165464,0.003678125,,0.0155288740231,0.002428125,,,
1995-11,0.0341260914463,0.965787059777,0.00399583333333,1.5,,,,,,0.033292758113,0.965787059777,0.0031625,1.5,,,,,0.0341546022298,0.0031625,,0.03334977968,0.0019125,,,
1995-12,0.0210401413007,0.957387680593,-0.00474166666667,1.5,,,,,,0.0202068079674,0.957387680593,-0.005575,1.5,,,,,0.0210756515669,-0.005575,,0.0202778284997,-0.006825,,,
1996-01,-0.0274930480091,0.955116724531,-0.00249166666667,1.5,,,,,,-0.0283263813425,0.955116724531,-0.003325,1.5,,,,,-0.0274556452796,-0.003325,,-0.0282515758834,-0.004575,,,
1996-02,-0.025056836972,0.937826440427,-0.00118854166667,1.5,,,,,,-0.0258901703053,0.937826440427,-0.002021875,1.5,,,,,-0.0250050256723,-0.002021875,,-0.025786547706,-0.003271875,,,
1996-03,0.0293537862025,0.937101120835,0.00313333333333,1.5,,,,,,0.0285204528691,0.937101120835,0.0023,1.5,,,,,0.0294062019351,0.0023,,0.0286252843344,0.00105,,,
1996-04,0.0469331564125,0.933240551018,-0.00263229166667,1.5,,,,,,0.0460998230791,0.933240551018,-0.003465625,1.5,,,,,0.0469887892866,-0.003465625,,0.0462110888274,-0.004715625,,,
1996-05,0.000463333455262,0.919403396069,0.00348958333333,1.5,,,,,,-0.000369999878071,0.919403396069,0.00265625,1.5,,,,,0.000530497291871,0.00265625,,-0.000235672204853,0.00140625,,,
1996-06,0.014573481201,0.925757886455,0.00956458333333,1.5,,,,,,0.0137401478677,0.925757886455,0.00873125,1.5,,,,,0.014635349629,0.00873125,,0.0138638847236,0.00748125,,,
1996-07,-0.0548649818848,0.92508319248,0.00815833333333,1.5,,,,,,-0.0556983152182,0.92508319248,0.007325,1.5,,,,,-0.0548025512119,0.007325,,-0.0555734538723,0.006075,,,
1996-08,0.0413390262095,0.877849406832,-0.00122604166667,1.5,,,,,,0.0405056928762,0.877849406832,-0.002059375,1.5,,,,,0.0414408183705,-0.002059375,,0.0407092771982,-0.003309375,,,
1996-09,0.0754373055889,0.894152639173,0.00542083333333,1.5,,,,,,0.0746039722556,0.894152639173,0.0045875,1.5,,,,,0.0755255117229,0.0045875,,0.0747803845236,0.0033375,,,
1996-10,0.0185974581707,0.840170150401,0.0166802083333,1.5,,,,,,0.0177641248374,0.840170150401,0.015846875,1.5,,,,,0.0187306497121,0.015846875,,0.0180305079201,0.014596875,,,
1996-11,0.0646063226389,0.860084018614,0.0100145833333,1.5,0.0942814269752,0.070075,1.12272337327,1.5,0.0041,0.0637729893055,0.860084018614,0.00918125,1.5,0.0917890157309,0.06945,1.12272337327,1.5,0.06472291929,0.00918125,0.0938756616722,0.0640061826079,0.00793125,0.091211640625,0.0940287552602,0.0912836723009
1996-12,0.023966672287,0.815567255519,0.00941458333333,1.5,0.00187555476214,-0.022575,1.13252314741,1.5,0.0046,0.0231333389536,0.815567255519,0.00858125,1.5,-0.000649522395886,-0.0232,1.13252314741,1.5,0.0241203662407,0.00858125,0.00149059086134,0.0234407268611,0.00733125,-0.00118370246507,0.00165218774874,-0.00109625642268
1997-01,0.0446787268793,0.852146300635,0.00483020833333,1.5,0.0330669143134,0.004625,1.20050773264,1.5,0.0045,0.0438453935459,0.852146300635,0.003996875,1.5,0.0303152218713,0.004,1.20050773264,1.5,0.0448019382954,0.003996875,0.0326377512927,0.0440918163782,0.002746875,0.0297078969463,0.0328026928403,0.0297867789251
1997-02,-0.00504671374648,0.835321080516,0.00244895833333,1.5,0.0041452851106,0.007775,1.2576579383,1.5,0.0039,-0.00588004707982,0.835321080516,0.001615625,1.5,0.00120309198294,0.00715,1.2576579383,1.5,-0.00490948131358,0.001615625,0.00370788216968,-0.00560558221401,0.000365625,0.000592270872764,0.00388171059886,0.000675942959458
1997-03,0.018499848444,0.875052074788,0.0206833333333,1.5,-0.00843374976865,-0.038175,1.29378427709,1.5,0.0043,0.0176665151107,0.875052074788,0.01985,1.5,-0.0114963640256,-0.0388,1.29378427709,1.5,0.018603971715,0.01985,-0.00890324791469,0.0178747616527,0.0186,-0.0121644274946,-0.00873702256705,-0.0121029096224
1997-04,0.026447998007,0.956032746741,0.0229520833333,1.5,0.0644967748634,0.032625,1.42040282157,1.5,0.0043,0.0256146646737,0.956032746741,0.02211875,1.5,0.0610120987914,0.032,1.42040282157,1.5,0.0264846373847,0.02211875,0.0639266990403,0.0256879434291,0.02086875,0.0601685708175,0.0640919309882,0.0602024110412
1997-05,0.00961278031272,0.95609337195,-0.0156166666667,1.5,0.0967821728027,0.109425,1.40301701413,1.5,0.0049,0.00877944697939,0.95609337195,-0.01645,1.5,0.0933554494223,0.1088,1.40301701413,1.5,0.00964936916943,-0.01645,0.0962173659104,0.0088526246928,-0.0177,0.0925187383584,0.0963822310772,0.0925555659712
1997-06,0.0321030388846,0.955854680675,0.00693958333333,1.5,0.0820848151259,0.063375,1.34800852394,1.5,0.0037,0.0312697055512,0.955854680675,0.00610625,1.5,0.0788414533795,0.06275,1.34800852394,1.5,0.0321398266507,0.00610625,0.0815441819331,0.0313432810834,0.00485625,0.0780414578795,0.0817007551289,0.0780733333854
1997-07,0.0713657751338,0.961115712934,0.0150677083333,1.5,0.108617035416,0.059925,1.31771067334,1.5,0.0043,0.0705324418005,0.961115712934,0.014234375,1.5,0.105474666505,0.0593,1.31771067334,1.5,0.0713981787064,0.014234375,0.108085661941,0.0705972489456,0.012984375,0.104686736046,0.108237274731,0.104715145134
1997-08,-0.0573525271576,0.930758513536,0.00452083333333,1.5,-0.100842262707,-0.079925,1.25647753157,1.5,0.0041,-0.0581858604909,0.930758513536,0.0036875,1.5,-0.103780521146,-0.08055,1.25647753157,1.5,-0.0572948259189,0.0036875,-0.101327669674,-0.0580704580135,0.0024375,-0.104489372309,-0.101180536703,-0.104457069138
1997-09,0.0319657852936,0.85591974772,0.00855208333333,1.5,0.0821493383111,0.078625,1.13066129532,1.5,0.0044,0.0311324519603,0.85591974772,0.00771875,1.5,0.0796304673267,0.078,1.13066129532,1.5,0.0320858521705,0.00771875,0.0817453774972,0.0313725857141,0.00646875,0.079058153964,0.0818978228842,0.079127436473
1997-10,-0.00717787406353,0.851650728687,0.0112239583333,1.5,-0.0566778025361,-0.079525,1.11186802055,1.5,0.0042,-0.00801120739687,0.851650728687,0.010390625,1.5,-0.0591340292713,-0.08015,1.11186802055,1.5,-0.00705424967077,0.010390625,-0.0570702189745,-0.00776395861135,0.009140625,-0.0596869385478,-0.0569221707859,-0.0596227657708
1997-11,0.0147914348674,0.84655476631,0.0104270833333,1.5,0.0190997416695,0.00762988476321,1.06411365911,1.41707700755,0.0039,0.0139581015341,0.84655476631,0.00959375,1.5,0.0168026961392,0.00710853850377,1.06411365911,1.41707700755,0.0149193058955,0.00959375,0.018724501052,0.0142138435902,0.00834375,0.0162738448324,0.0188692581317,0.0163417290636
1997-12,0.0421493478002,0.846623411075,0.0218270833333,1.5,0.041923525062,0.00897136746519,1.09744519363,1.49813716164,0.0048,0.0413160144668,0.846623411075,0.02099375,1.5,0.0395153744166,0.00834869601315,1.09744519363,1.49813716164,0.0422771616243,0.02099375,0.0415373684597,0.0415716421151,0.01974375,0.0389714747881,0.0416857749392,0.039039874171
1998-01,0.0186473578206,0.835480551705,0.00246770833333,1.5,0.0353811907554,0.0324318471566,1.09442005156,1.49759594187,0.0043,0.0178140244873,0.835480551705,0.001634375,1.5,0.0329831239169,0.0318098522292,1.09442005156,1.49759594187,0.0187844573609,0.001634375,0.0350006724832,0.0180882235678,0.000384375,0.0324499619833,0.0351517178537,0.0325241781135
1998-02,0.0245092523221,0.837115294273,-0.0407510416667,1.5,0.0653130810962,0.100775,1.10636393765,1.5,0.0039,0.0236759189887,0.837115294273,-0.041584375,1.5,0.0628752013041,0.10015,1.10636393765,1.5,0.0246449895768,-0.041584375,0.064929011309,0.0239473934983,-0.042834375,0.0623372994198,0.0650799734685,0.0624089860485
1998-03,0.0390221334233,0.84439029414,0.0155739583333,1.5,0.0741654367857,0.0582449428877,1.09900612066,1.44476035069,0.0039,0.0381888000899,0.84439029414,0.014740625,1.5,0.0717520830502,0.0576889924494,1.09900612066,1.44476035069,0.0391518081782,0.014740625,0.0737804828066,0.0384481495997,0.013490625,0.0712109221376,0.073928882385,0.0712789742487
1998-04,0.00141583824609,0.849199034737,0.00736145833333,1.5,0.0155655049532,0.0141805351352,1.1019795941,1.45051010676,0.0043,0.000582504912758,0.849199034737,0.006528125,1.5,0.0131422396395,0.0136173975018,1.1019795941,1.45051010676,0.00154150571714,0.006528125,0.0151752867778,0.000833839854862,0.005278125,0.0125916205959,0.0153249985716,0.0126612268763
1998-05,0.0375420275985,0.862134013385,0.0241708333333,1.5,0.0183058488521,-0.0206010463702,1.10116184543,1.4563969786,0.004,0.0367086942652,0.862134013385,0.0233375,1.5,0.0158853093673,-0.0211715425935,1.10116184543,1.4563969786,0.0376569159207,0.0233375,0.0179099321799,0.0369384709095,0.0220875,0.0153230967484,0.0180566187531,0.0153868491693
1998-06,0.0218487958255,0.856437447379,0.0210677083333,1.5,0.0398837459486,0.0212971405233,1.10478813277,1.44318013786,0.0041,0.0210154624922,0.856437447379,0.020234375,1.5,0.0374511188393,0.020743165351,1.10478813277,1.44318013786,0.0219684312861,0.020234375,0.0394889489713,0.0212547334132,0.018984375,0.0368918042193,0.0396376285348,0.0369588840119
1998-07,0.0338418411113,0.857749900055,0.0141864583333,1.5,0.015439560004,-0.0143342866063,1.10586004255,1.4453348049,0.004,0.033008507778,0.857749900055,0.013353125,1.5,0.0130033598622,-0.0148909551125,1.10586004255,1.4453348049,0.0339603828613,0.013353125,0.0150442087749,0.0332455912779,0.012103125,0.0124431385733,0.0151922966792,0.0125088332125
1998-08,0.0447976007333,0.871970053356,0.0210302083333,1.5,-0.116353805006,-0.202045775147,1.10534156179,1.46245702816,0.0043,0.0439642674,0.871970053356,0.020196875,1.5,-0.118788276879,-0.202623846432,1.10534156179,1.46245702816,0.0449042923555,0.020196875,-0.116753819852,0.0441776506444,0.018946875,-0.119357888837,-0.116610776231,-0.119302219329
1998-09,0.00221723702304,0.882789590231,-0.0150447916667,1.5,0.00908170144227,0.0181771405942,0.983409147446,1.12576626431,0.0046,0.0013839036897,0.882789590231,-0.015878125,1.5,0.00705367095079,0.0180199327638,0.983409147446,1.12576626431,0.00231491236451,-0.015878125,0.00872006333599,0.00157925437265,-0.017128125,0.00653506042863,0.00884642720191,0.00658312247006
1998-10,-0.00680320806224,0.88404581155,-0.0363729166667,1.5,0.0608214602379,0.0945327374556,0.987034630091,1.12673842971,0.0032,-0.00763654139557,0.88404581155,-0.03720625,1.5,0.0587813448043,0.0943743144184,0.987034630091,1.12673842971,-0.00670657957187,-0.03720625,0.0604588930534,-0.00744328441483,-0.03845625,0.0582617072246,0.0605845436657,0.0583075116598
1998-11,0.0337247832181,0.8737752397,-0.0172479166667,1.5,0.0592174622036,0.0570352718676,0.98085446786,1.07630790332,0.0031,0.0328914498848,0.8737752397,-0.01808125,1.5,0.0571979473107,0.0569398869884,0.98085446786,1.07630790332,0.0338299705184,-0.01808125,0.0588619375142,0.0331018244853,-0.01933125,0.0566910345852,0.0589883252574,0.0567396734184
1998-12,0.0318363303802,0.872653366697,0.0159677083333,1.5,0.0682359168803,0.0498514692543,0.975060924143,1.06290555763,0.0038,0.0310029970469,0.872653366697,0.015134375,1.5,0.0662357137999,0.0497728373072,0.975060924143,1.06290555763,0.0319424525746,0.015134375,0.0678822062327,0.0312152414357,0.013884375,0.0657313300182,0.0680088170453,0.0657815141297
1999-01,-0.00566679480601,0.870441956569,-0.000785416666667,1.5,0.0161563098439,0.0219732656567,0.960620803134,1.05341074353,0.0035,-0.00650012813934,0.870441956569,-0.00161875,1.5,0.0142042405001,0.0219065022273,0.960620803134,1.05341074353,-0.00555882976982,-0.00161875,0.0158079669309,-0.00628419806696,-0.00286875,0.0137076469894,0.0159339009377,0.0137594226878
1999-02,-0.0169251335453,0.891784706132,0.000845833333333,1.5,-0.0372479681952,-0.0313079575723,0.964591311437,1.0527870824,0.0035,-0.0177584668786,0.891784706132,1.25e-05,1.5,-0.0392132725667,-0.0313739414253,0.964591311437,1.0527870824,-0.0168349541337,1.25e-05,-0.0376070882935,-0.0175781080555,-0.0012375,-0.0397306608405,-0.0374841632724,-0.039685662721
1999-03,-0.0415839563317,0.900687075556,-0.0141822916667,1.5,0.0101925650833,0.0408904682454,0.944210324294,1.03789921425,0.0043,-0.042417289665,0.900687075556,-0.015015625,1.5,0.00829519733561,0.0408430942275,0.944210324294,1.03789921425,-0.0415011955613,-0.015015625,0.00983830782747,-0.0422517681243,-0.016265625,0.00778325147571,0.00995610703728,0.00782228124367
1999-04,-0.00846647073312,0.847662235588,-0.0197791666667,1.5,0.0300250308558,0.0482348569417,0.943479693072,1.03182018931,0.0037,-0.00929980406646,0.847662235588,-0.0206125,1.5,0.0281300985455,0.0481950817051,0.943479693072,1.03182018931,-0.00833952259611,-0.0206125,0.0296922352188,-0.00904590779244,-0.0218625,0.0276609474974,0.0298200231937,0.0277200832214
1999-05,0.00656123270537,0.847125297323,0.000330208333333,1.5,-0.0240431414777,-0.0286022600049,0.948399432089,1.02472295855,0.0034,0.00572789937204,0.847125297323,-0.000503125,1.5,-0.025954472918,-0.0286331637031,0.948399432089,1.02472295855,0.00668862829094,-0.000503125,-0.0243781048356,0.00598269054317,-0.001753125,-0.0264268595052,-0.0242488998745,-0.0263659897116
1999-06,-0.0201045338743,0.849532391353,0.0135020833333,1.5,0.0433433865843,0.0510633857909,0.935983622049,1.01245051472,0.004,-0.0209378672077,0.849532391353,0.01266875,1.5,0.0414734411775,0.0510478226475,0.935983622049,1.01245051472,-0.0199791442005,0.01266875,0.0430127794066,-0.0206870878599,0.01141875,0.0410070976611,0.0431389137132,0.0410644954354
1999-07,0.00192706736861,0.830856136754,0.000817708333333,1.5,0.000730622791179,0.00028628019828,0.933392226859,1.00288837931,0.0038,0.00109373403527,0.830856136754,-1.5625e-05,1.5,-0.00113068463168,0.000282669724143,0.933392226859,1.00288837931,0.00206802058798,-1.5625e-05,0.000407405243527,0.00137564047401,-0.001265625,-0.00158278273943,0.000537611199769,-0.0015167078145
1999-08,-0.00484361239497,0.896362065207,0.00445520833333,1.5,0.0024009767572,0.00376476223619,0.983831237859,1.02610204727,0.0039,-0.0056769457283,0.896362065207,0.003621875,1.5,0.000371539297667,0.0037321346771,0.983831237859,1.02610204727,-0.0047572474493,0.003621875,0.00203335873427,-0.00550421583698,0.002371875,-0.000159112383232,0.00215725589391,-0.000115902428899
1999-09,0.00959359268826,0.897669591332,-0.00678541666667,1.5,-0.00181092068656,-0.00228251637261,0.980976187015,1.02517467208,0.0039,0.00876025935493,0.897669591332,-0.00761875,1.5,-0.00383084130994,-0.00231398471272,0.980976187015,1.02517467208,0.00967886802882,-0.00761875,-0.00217821176961,0.00893081003604,-0.00886875,-0.00436140582085,-0.00205473593618,-0.00431847180919
1999-10,0.0171139133177,0.956829271791,-0.00364479166667,1.5,0.0531367086154,0.0489547576086,0.996928356517,1.0270752077,0.0039,0.0162805799843,0.956829271791,-0.004478125,1.5,0.0510636140937,0.048920913599,0.996928356517,1.0270752077,0.0171498889245,-0.004478125,0.0527412522936,0.016352531198,-0.005728125,0.0504800942032,0.052852067331,0.0504943315248
1999-11,0.0580470837972,0.957223517594,-0.00939166666667,1.5,0.0623900032338,0.0405852144909,0.989889411677,1.01954962884,0.0036,0.0572137504638,0.957223517594,-0.010225,1.5,0.0603403718615,0.0405607774549,0.989889411677,1.01954962884,0.0580827308658,-0.010225,0.061998406067,0.0572850446012,-0.011475,0.0597630047789,0.0621071277845,0.059774620963
1999-12,0.0645383543376,0.980445700143,0.00244895833333,1.5,0.109604589293,0.0783668964023,1.00639858227,1.02346089236,0.0044,0.0637050210043,0.980445700143,0.001615625,1.5,0.107499927352,0.0783375702868,1.00639858227,1.02346089236,0.0645546495875,0.001615625,0.1092023699,0.063737611504,0.000365625,0.106904527989,0.109302389373,0.106895527513
2000-01,-0.00359483806846,0.946478306484,0.00103333333333,1.5,-0.0498840353165,-0.0498743863301,0.957581741731,1.00134880018,0.0041,-0.0044281714018,0.946478306484,0.0002,1.5,-0.0518259744556,-0.0498760723304,0.957581741731,1.00134880018,-0.0035502366572,0.0002,-0.0502683086494,-0.00433896857927,-0.00105,-0.0523958218311,-0.050151247488,-0.0523603987986
2000-02,0.0190305939912,0.959080899551,-0.0104322916667,1.5,0.0282066798688,0.0264256237319,0.921035027563,0.970422093506,0.0043,0.0181972606579,0.959080899551,-0.011265625,1.5,0.0263865631102,0.0264256237319,0.921035027563,0.970422093506,0.0190646932416,-0.011265625,0.0278405232682,0.0182654591587,-0.012515625,0.0258455747255,0.0279424113757,0.025858026124
2000-03,-0.030585629065,0.966521804567,-0.000410416666667,1.5,0.0323444112603,0.0499071858859,0.92281771769,0.970111285105,0.0047,-0.0314189623984,0.966521804567,-0.00124375,1.5,0.0305183522014,0.0499071858859,0.92281771769,0.970111285105,-0.0305577305689,-0.00124375,0.0319749427397,-0.031363165406,-0.00249375,0.0299711235188,0.0320753396435,0.0299802089677
2000-04,0.012346180768,0.933520287557,-0.00388854166667,1.5,-0.046061541425,-0.0515999486621,0.927469119076,0.974002576467,0.0046,0.0115128474347,0.933520287557,-0.004721875,1.5,-0.0479031051552,-0.0515999486621,0.927469119076,0.974002576467,0.0124015805284,-0.004721875,-0.0464267816922,0.0116236469554,-0.005971875,-0.0484409134187,-0.0463128393495,-0.0484057010042
2000-05,0.00753303095058,0.935684530788,-0.00854791666667,1.5,-0.0259436260738,-0.0258588047066,0.899076379216,0.940817216665,0.005,0.00669969761725,0.935684530788,-0.00938125,1.5,-0.0276905473379,-0.0258588047066,0.899076379216,0.940817216665,0.00758662717492,-0.00938125,-0.0262959907096,0.00680689006593,-0.01063125,-0.0282083213829,-0.0261884471178,-0.0281801894259
2000-06,0.0102617726629,0.935361292699,0.000442708333333,1.5,0.0372752412023,0.0352117411252,0.898267282923,0.951577473329,0.004,0.00942843932953,0.935361292699,-0.000390625,1.5,0.0355310169259,0.0352117411252,0.898267282923,0.951577473329,0.0103156382523,-0.000390625,0.036926044853,0.00953617050836,-0.001640625,0.0350195815453,0.0370308219489,0.0350421784191
2000-07,-0.00154170896203,0.940323295308,0.00676145833333,1.5,-0.0244811698947,-0.0274539573193,0.906234975673,0.954259092287,0.0048,-0.00237504229537,0.940323295308,0.005928125,1.5,-0.0262519531469,-0.0274539573193,0.906234975673,0.954259092287,-0.00149197837479,0.005928125,-0.0248368135029,-0.00227558112088,0.004678125,-0.0267745556396,-0.0247305676264,-0.0267507486104
2000-08,0.0561517314785,0.994800973901,0.00858020833333,1.5,0.0725586894487,0.045029913654,0.920110969647,0.948576152939,0.005,0.0553183981452,0.994800973901,0.007746875,1.5,0.0707416528832,0.045029913654,0.920110969647,0.948576152939,0.0561560640003,0.007746875,0.0721760621944,0.0553270631887,0.006496875,0.0701682009458,0.0722741445712,0.0701725631283
2000-09,-0.0132262385094,1.06702471284,0.0295052083333,1.5,-0.0383711714142,-0.0456358027892,0.956387484826,0.968240511244,0.0051,-0.0140595718427,1.06702471284,0.028671875,1.5,-0.040309129697,-0.0456358027892,0.956387484826,0.968240511244,-0.0132820924367,0.028671875,-0.0387981411135,-0.0141712796974,0.027421875,-0.040964079629,-0.0387101060011,-0.0409869988706
2000-10,0.0292435270839,1.06246822215,0.0300770833333,1.5,-0.000810615670559,-0.0280195176833,0.952849065711,0.955099934186,0.0056,0.0284101937506,1.06246822215,0.02924375,1.5,-0.00273677922293,-0.0280195176833,0.952849065711,0.955099934186,0.0291914702321,0.02924375,-0.00123236643877,0.028306080047,0.02799375,-0.00338170796402,-0.00114558274554,-0.00340671337288
2000-11,0.0431230827232,1.06979460402,0.0566645833333,1.5,-0.020359471872,-0.0672222730966,0.981743290033,0.969467467783,0.0051,0.0422897493899,1.06979460402,0.05583125,1.5,-0.0223819495054,-0.0672222730966,0.981743290033,0.969467467783,0.0430649205532,0.05583125,-0.0207957510091,0.0421734250498,0.05458125,-0.0230496241092,-0.0207090918903,-0.0230811895419
2000-12,-0.02059783919,1.05710294973,0.0426489583333,1.5,0.0278282598574,0.0177008481007,0.970875886739,0.927069204432,0.005,-0.0214311725234,1.05710294973,0.041815625,1.5,0.0258420069016,0.0177008481007,0.970875886739,0.927069204432,-0.0206454249815,0.041815625,0.0273988082127,-0.0215263441063,0.040565625,0.0251859586995,0.0274902112197,0.0251659096262
2001-01,-5.89719534541e-05,1.05855474901,-0.0659229166667,1.5,-0.00969175680025,0.0227288317324,0.97324822824,0.926675493711,0.0054,-0.000892305286787,1.05855474901,-0.06675625,1.5,-0.0116859175611,0.0227288317324,0.97324822824,0.926675493711,-0.000107767577629,-0.06675625,-0.0101198727617,-0.000989896535138,-0.06800625,-0.0123389052826,-0.0100315145627,-0.0123654330859
2001-02,0.0314000649885,1.05652270307,0.0921020833333,1.5,-0.0225456269096,-0.0774765941205,0.970005935046,0.926757059527,0.0038,0.0305667316551,1.05652270307,0.09126875,1.5,-0.0245289800264,-0.0774765941205,0.970005935046,0.926757059527,0.0313529627359,0.09126875,-0.0229703193971,0.03047252715,0.09001875,-0.0251756935342,-0.0228830208627,-0.0252037679326
2001-03,0.0623145047733,1.05636618513,0.0611645833333,1.5,-0.0125473406506,-0.0657796869018,0.97491311713,0.900639471065,0.0042,0.0614811714399,1.05636618513,0.06033125,1.5,-0.0145470510411,-0.0657796869018,0.97491311713,0.900639471065,0.0622675329523,0.06033125,-0.0129747997982,0.061387227798,0.05908125,-0.0151982291762,-0.012886346083,-0.0152250619058
2001-04,-0.0636283953436,1.03689920977,-0.0313479166667,1.5,0.0316870001036,0.0711302886057,0.993454443232,0.87653570542,0.0039,-0.0644617286769,1.03689920977,-0.03218125,1.5,0.0296254852929,0.0711302886057,0.993454443232,0.87653570542,-0.063659144685,-0.03218125,0.031255627341,-0.0645232273599,-0.03343125,0.0289702823832,0.0313536345377,0.028958754161
2001-05,0.00174624348893,0.947575708203,0.0258020833333,1.5,0.00482050589789,-0.00603689340175,0.990224823884,0.847421413005,0.0032,0.000912910155594,0.947575708203,0.02496875,1.5,0.00276975648494,-0.00603689340175,0.990224823884,0.847421413005,0.00178993039876,0.02496875,0.00442954352175,0.00100028397525,0.02371875,0.00219459695011,0.00454350553737,0.00221575576391
2001-06,0.0193086832873,0.96212853785,0.0341364583333,1.5,0.00060629415061,-0.0206933689411,0.990302220847,0.848136062856,0.0028,0.0184753499539,0.96212853785,0.033303125,1.5,-0.00144471325221,-0.0206933689411,0.990302220847,0.848136062856,0.0193402428391,0.033303125,0.000209541698993,0.0185384690575,0.032053125,-0.00203145282852,0.000320264827267,-0.0020167718989
2001-07,0.00770513751024,0.964239815236,0.0519677083333,1.5,0.00557960042666,-0.0189816136218,0.994894958013,0.84544667776,0.003,0.0068718041769,0.964239815236,0.051134375,1.5,0.00351328389995,-0.0189816136218,0.994894958013,0.84544667776,0.00773493766421,0.051134375,0.00517983665796,0.00693140448484,0.049884375,0.00292139129961,0.00529093176948,0.00293594658559
2001-08,0.044241989093,0.977982318692,0.0637768819045,1.45794594422,0.011423855399,-0.03433757462,0.994995369207,0.843188617567,0.0031,0.0434086557597,0.977982318692,0.0629435485712,1.45794594422,0.00935720416828,-0.03433757462,0.994995369207,0.843188617567,0.0442603371608,0.0630136386642,0.0110529392,0.0434453518952,0.0617986837107,0.00880557312516,0.0111527637722,0.00881502091465
2001-09,0.0945168481148,0.985874379971,0.0431128018863,1.38824161373,-0.0336233533597,-0.0911581977293,1.11508534025,0.938643333959,0.0028,0.0936835147814,0.985874379971,0.0422794685529,1.38824161373,-0.0360903044939,-0.0911581977293,1.11508534025,0.938643333959,0.0945286194648,0.04246573253,-0.0339725721183,0.0937070574815,0.0413088645186,-0.0366073077628,-0.0338840853973,-0.036611768569
2001-10,0.0391491653509,0.885309512015,-0.0426344942224,1.37188204456,0.0271201693627,0.024963720676,1.09800996937,0.882314754885,0.0022,0.0383158320176,0.885309512015,-0.0434678275557,1.37188204456,0.0247101361315,0.024963720676,1.09800996937,0.882314754885,0.0392447407575,-0.04325429763,0.0268306848929,0.0385069828309,-0.0443975326671,0.0243011645129,0.0269436700545,0.024357137515
2001-11,-0.0515311555686,0.87831751893,-0.043619132704,1.35194251077,0.00881587648605,0.052396289906,1.12268675712,0.916750269548,0.0017,-0.0523644889019,0.87831751893,-0.0444524660373,1.35194251077,0.00632358729566,0.052396289906,1.12268675712,0.916750269548,-0.051429753501,-0.0442057035553,0.00854302096973,-0.0521616847668,-0.0453323223142,0.00594317814353,0.00865430780728,0.00600044993811
2001-12,-0.00122948178757,0.832594306381,0.0123090125045,1.30537575446,0.0138542604623,0.00752852973913,1.15192227708,0.913413596837,0.0015,-0.0020628151209,0.832594306381,0.0114756791712,1.30537575446,0.0112645195387,0.00752852973913,1.15192227708,0.913413596837,-0.00108997704289,0.0118000529137,0.0136406851231,-0.00178380563154,0.010712239785,0.0109843943107,0.0137549287206,0.0110658560554
2002-01,0.0118383015293,0.838288422833,0.0289114335555,1.30571017762,-0.0127147851876,-0.0270263901402,1.1980215595,0.92594104691,0.0014,0.011004968196,0.838288422833,0.0280781002222,1.30571017762,-0.015458190386,-0.0270263901402,1.1980215595,0.92594104691,0.0119730611769,0.0284019165928,-0.0129380563925,0.0112744874912,0.0273138247782,-0.0157515287434,-0.0128226060801,-0.0156738321708
2002-02,0.00404106999812,0.840782137195,0.0447826055453,1.29769225667,0.0201489581854,-0.00535986247883,1.1962447152,0.924980899837,0.0013,0.00320773666478,0.840782137195,0.043949272212,1.29769225667,0.0174114758014,-0.00535986247883,1.1962447152,0.924980899837,0.00417375155045,0.0442864517842,0.019931361977,0.00347309976946,0.0432050415704,0.0171244774439,0.0200454273967,0.017204414224
2002-03,-0.0425066745248,0.849400905292,-0.014730845142,1.27145289297,0.0214866139275,0.0446215357838,1.22319747796,0.929646690639,0.0013,-0.0433400078581,0.849400905292,-0.0155641784753,1.27145289297,0.018659289001,0.0446215357838,1.22319747796,0.929646690639,-0.0423811752792,-0.0151832666302,0.0212854022937,-0.043089009367,-0.0162428107077,0.0183955834711,0.0213942213892,0.0184745039244
2002-04,0.0132725937023,0.844724459208,0.0390768976593,1.26902283281,0.00137574198237,-0.0214001884579,1.22128659647,0.923394695885,0.0015,0.012439260369,0.844724459208,0.038243564326,1.26902283281,-0.00144521333918,-0.0214001884579,1.22128659647,0.923394695885,0.0134019899863,0.0386285262713,0.00118115495499,0.012698052937,0.037571007244,-0.0016965254768,0.00128891820542,-0.00161886089309
2002-05,0.0234668251476,0.849050571322,0.0251426236499,1.2664559937,0.0337362150984,0.00467465892631,1.2284747547,0.935616836089,0.0014,0.0226334918143,0.849050571322,0.0243092903165,1.2664559937,0.0308912992494,0.00467465892631,1.2284747547,0.935616836089,0.0235926163382,0.0246985303271,0.0335376685129,0.0228850741954,0.0236431503323,0.0306316448833,0.0336475295365,0.0307139281255
2002-06,0.0490216566657,0.846510493031,0.0419463611907,1.26483314431,-0.0117127718749,-0.0498785700385,1.2385188375,0.939056330982,0.0013,0.0481883233323,0.846510493031,0.0411130278574,1.26483314431,-0.0145911679999,-0.0498785700385,1.2385188375,0.939056330982,0.0491495645881,0.0415049726168,-0.0119039544542,0.0484441391773,0.0404509449966,-0.0148357859528,-0.0117989601201,-0.0147635444902
2002-07,0.0453594422949,0.839583189502,0.0145735047979,1.24565073554,-0.0722163960905,-0.0807067896718,1.25501373419,0.942738413667,0.0015,0.0445261089616,0.839583189502,0.0137401714646,1.24565073554,-0.0751497752045,-0.0807067896718,1.25501373419,0.942738413667,0.0454931229703,0.0141640869054,-0.0723789992537,0.0447934703124,0.0131260446257,-0.0753472886507,-0.0722832521821,-0.0752834873877
2002-08,0.0254968468755,0.825922308905,0.00916454403636,1.2485545479,0.0227480891806,0.00312245642025,1.20127039749,0.906556010659,0.0014,0.0246635135422,0.825922308905,0.00833121070303,1.2485545479,0.0199938545223,0.00312245642025,1.20127039749,0.906556010659,0.0256419116181,0.00875028645653,0.02258954477,0.0249536430273,0.00770982433328,0.0197984122354,0.0226921724035,0.0198820209681
2002-09,0.0553308327617,0.82827961116,0.0281403705354,1.25009854583,-0.0742618939189,-0.0923109683715,1.19866929162,0.90629563222,0.0014,0.0544974994284,0.82827961116,0.0273070372021,1.25009854583,-0.0770074582242,-0.0923109683715,1.19866929162,0.90629563222,0.0554739330857,0.0277235396257,-0.0744331231187,0.0547837000764,0.0266817908375,-0.0772199932795,-0.0743206123501,-0.0771248950866
2002-10,-0.0250928968378,0.805819928374,-0.0185128824458,1.25308903982,0.0428993862719,0.0526272598163,1.14680057307,0.862411781419,0.0014,-0.0259262301711,0.805819928374,-0.0193462157791,1.25308903982,0.040326717695,0.0526272598163,1.14680057307,0.862411781419,-0.0249310801115,-0.0189346975122,0.0427643603997,-0.0256025967184,-0.0199789383787,0.0401688154893,0.0428571632479,0.0402422716469
2002-11,-0.0082492394823,0.785484344077,-0.027870403043,1.23748459865,0.0382045339912,0.0450326922523,1.15934911713,0.852776113857,0.0012,-0.00908257281564,0.785484344077,-0.0287037363764,1.23748459865,0.0355900369341,0.0450326922523,1.15934911713,0.852776113857,-0.0080704764357,-0.0282662107075,0.0380839814278,-0.00872504672243,-0.029297447873,0.0354596471881,0.0381878908515,0.0355567506548
2002-12,0.0733692246142,0.796642684979,0.0344860398059,1.2124152244,0.013206371965,-0.034636390375,1.18939629853,0.844831923759,0.0011,0.0725358912809,0.796642684979,0.0336527064726,1.2124152244,0.0104917176366,-0.034636390375,1.18939629853,0.844831923759,0.0735386890434,0.0341320144319,0.0130956913707,0.0728748201392,0.0331216684116,0.010376300123,0.0131996385626,0.0104782508317
2003-01,0.0364529627415,0.768907878919,0.00739419489929,1.20510212016,-0.00846542238419,-0.0229454059531,1.3604430413,0.877121097185,0.001,0.0356196294081,0.768907878919,0.00656086156595,1.20510212016,-0.0117502325219,-0.0229454059531,1.3604430413,0.877121097185,0.036645539509,0.00705235803235,-0.00856186480594,0.0360047829433,0.00604810626555,-0.0118247326427,-0.00844332368676,-0.011706035127
2003-02,0.0379994329015,0.764494962032,0.0220349226097,1.20772429434,0.0151181482395,-0.015368328588,1.42238624574,0.884148292826,0.0009,0.0371660995681,0.764494962032,0.0212015892764,1.20772429434,0.0116268607537,-0.015368328588,1.42238624574,0.884148292826,0.0381956870998,0.0216887154525,0.0150073955527,0.0375586079648,0.0206822785405,0.011532017755,0.0151428450818,0.0116762544383
2003-03,-0.0214082248995,0.756604801854,0.00690399413182,1.21677526864,-0.0167713683729,-0.00212162545622,1.43534581626,0.891892987492,0.001,-0.0222415582329,0.756604801854,0.00607066079848,1.21677526864,-0.0203058544271,-0.00212162545622,1.43534581626,0.891892987492,-0.0212053955678,0.00654270201742,-0.0168757074559,-0.0218358995693,0.00552872262688,-0.0203833465057,-0.0167474878701,-0.0202580934216
2003-04,-0.000946773453594,0.759166472105,-0.018377431521,1.22032057357,0.111173454394,0.0804616789355,1.45545850451,0.913352631443,0.001,-0.00178010678693,0.759166472105,-0.0192107648543,1.22032057357,0.107571926046,0.0804616789355,1.45545850451,0.913352631443,-0.000746078847015,-0.018744632477,0.11099180515,-0.00137871757377,-0.0197615662883,0.107364336226,0.11119211424,0.107609245738
2003-05,0.0484391968513,0.756674815841,-0.0146796123802,1.20490238088,0.11379278073,0.0579317507528,1.39240546298,0.866743932413,0.0009,0.0476058635179,0.756674815841,-0.0155129457135,1.20490238088,0.110401429186,0.0579317507528,1.39240546298,0.866743932413,0.0486419678381,-0.0150211163483,0.113611608477,0.0480114054915,-0.0160252016657,0.110187248942,0.113826218305,0.110468304338
2003-06,-0.0179526227688,0.742274064658,-0.00507907089621,1.19733481738,0.0108399462649,0.0183070157855,1.30463949522,0.840146397354,0.001,-0.0187859561021,0.742274064658,-0.00591240422954,1.19733481738,0.00774114794752,0.0183070157855,1.30463949522,0.840146397354,-0.017737851156,-0.00540796225851,0.010757458826,-0.0183564128765,-0.006405741273,0.00769271500064,0.0108891891635,0.00783963374459
2003-07,-0.0537698088058,0.730250646496,-0.00832319299191,1.19399575341,-0.0131906367466,0.0193592595411,1.3227305777,0.844310386477,0.0007,-0.0546031421392,0.730250646496,-0.00915652632525,1.19399575341,-0.0163497386723,0.0193592595411,1.3227305777,0.844310386477,-0.0535450176779,-0.00864651924759,-0.0132390099831,-0.0541535598833,-0.00964151570877,-0.0163363901571,-0.0131280107446,-0.0162244866683
2003-08,-0.0143370039814,0.682896852353,8.26225642345e-05,1.18595880061,0.0256891805181,0.0236892422076,1.34326015331,0.84209678416,0.0007,-0.0151703373148,0.682896852353,-0.000750710769099,1.18595880061,0.0224616466738,0.0236892422076,1.34326015331,0.84209678416,-0.0140727513584,-0.000227308770117,0.0256367887418,-0.0146418320687,-0.00121560777063,0.0224738598201,0.0257992811279,0.0226818478934
2003-09,0.0411723339175,0.685215345559,-0.00242114501369,1.18349544631,0.0452770372205,0.0119959384739,1.43727956199,0.848177157111,0.0008,0.0403390005842,0.685215345559,-0.00325447834702,1.18349544631,0.0417361053472,0.0119959384739,1.43727956199,0.848177157111,0.0414346544629,-0.00272697075753,0.0451794403934,0.0408636416749,-0.00371321696278,0.0416831501152,0.0453949742802,0.0419719794666
2003-10,0.0238636944985,0.678175839807,0.0110179632612,1.18133922495,0.1107855613,0.0508751747183,1.47792417542,0.854772993498,0.0007,0.0230303611652,0.678175839807,0.0101846299279,1.18133922495,0.107109147381,0.0508751747183,1.47792417542,0.854772993498,0.0241318812987,0.0107157312197,0.110602724754,0.0235667347655,0.00973128186554,0.106914055215,0.110915327601,0.107368679984
2003-11,0.012300123034,0.676854591728,-0.00519654465445,1.18402615942,0.0265446728384,0.0147910262388,1.37771472523,0.83875156183,0.0007,0.0114667897007,0.676854591728,-0.00602987798778,1.18402615942,0.023202290421,0.0147910262388,1.37771472523,0.83875156183,0.0125694108742,-0.00550325492015,0.0264804791057,0.0120053653811,-0.00648994338634,0.0232029983226,0.026664464487,0.0234418737181
2003-12,0.0501007729693,0.679954497618,0.000999711681346,1.20174798784,0.113189660198,0.0492976451613,1.39885866859,0.859887325555,0.0008,0.0492674396359,0.679954497618,0.000166378348013,1.20174798784,0.10977679797,0.0492976451613,1.39885866859,0.859887325555,0.0503674775546,0.000663465034952,0.112982586065,0.0498008488066,-0.000337991621579,0.109538030568,0.113293086138,0.109983649849
2004-01,0.00502040671674,0.669877359173,0.014072828973,1.21189571817,0.0410932992793,0.0200472002611,1.3071025076,0.8448559066,0.0007,0.0041870733834,0.669877359173,0.0132394956397,1.21189571817,0.0379862909206,0.0200472002611,1.3071025076,0.8448559066,0.00529550891743,0.0137196694427,0.0409787956203,0.00473727778478,0.0127097563443,0.0379032667997,0.0411898834712,0.0381794593044
2004-02,0.0375888633812,0.671082716861,-0.000261201466904,1.30740948815,0.0482506456561,0.0168046538672,1.31209329986,0.843992388916,0.0006,0.0367555300478,0.671082716861,-0.00109453480024,1.30740948815,0.0451270013232,0.0168046538672,1.31209329986,0.843992388916,0.0378629611171,-0.000773550613823,0.0480235951826,0.0373037255197,-0.00186305852062,0.0448728411237,0.0482682833021,0.0451622766153
2004-03,0.00318002864842,0.664502850292,0.00775637085844,1.42368838906,0.00569740870175,0.000636118938899,1.32951391559,0.879603537002,0.0009,0.00234669531509,0.664502850292,0.0069230375251,1.42368838906,0.00251569564979,0.000636118938899,1.32951391559,0.879603537002,0.00345960960651,0.00705022354333,0.0054095538249,0.00290585723127,0.00586381655245,0.00218604335076,0.00562412652678,0.00236913129985
2004-04,-0.0322953278554,0.671923135715,-0.00804551714749,1.48130054707,-0.0599217215701,-0.0206093408527,1.34515201305,0.914929096271,0.0008,-0.0331286611888,0.671923135715,-0.00887885048083,1.48130054707,-0.0631555616136,-0.0206093408527,1.34515201305,0.914929096271,-0.0320219304685,-0.00884768472594,-0.0602073628463,-0.0325818664149,-0.0100821018485,-0.063467270241,-0.060050539786,-0.0634131980453
2004-05,-0.0109057444287,0.682534292723,-0.00823854166667,1.5,-0.00508499468519,0.00693103259762,1.29091772568,0.944930238451,0.0006,-0.0117390777621,0.682534292723,-0.009071875,1.5,-0.0081380537708,0.00693103259762,1.29091772568,0.944930238451,-0.0106411896727,-0.009071875,-0.00544265903051,-0.0112099682499,-0.010321875,-0.00857813667461,-0.00523226765645,-0.00843259971332
2004-06,-0.011348919535,0.677853332816,0.00950833333333,1.5,0.0283083631998,0.0233062330056,1.28845637132,0.945640042252,0.0008,-0.0121822528684,0.677853332816,0.008675,1.5,0.0252635086287,0.0233062330056,1.28845637132,0.945640042252,-0.0110804639791,0.008675,0.0279112961582,-0.0116453417564,0.007425,0.0247586643606,0.0281651405374,0.0249770633039
2004-07,-0.00589396388726,0.671959510312,0.00386458333333,1.5,-0.0511886535811,-0.0349393427929,1.29033087592,0.948267619865,0.001,-0.00672729722059,0.671959510312,0.00303125,1.5,-0.0542397565008,-0.0349393427929,1.29033087592,0.948267619865,-0.00562059681252,0.00303125,-0.0514874775381,-0.00618056307111,0.00178125,-0.0545813732975,-0.051327331497,-0.0545171123327
2004-08,0.00141786476951,0.669137920299,0.00531770833333,1.5,0.00793242641905,0.00449472376197,1.24948368835,0.942978822769,0.0011,0.00058453143618,0.669137920299,0.004484375,1.5,0.0050174807912,0.00449472376197,1.24948368835,0.942978822769,0.00169358316926,0.004484375,0.00757779838046,0.00113596823568,0.003234375,0.00457916413974,0.00780034199874,0.00475331195059
2004-09,0.0387121019035,0.672778833292,0.00733333333333,1.5,0.0548429290683,0.0216904406945,1.24915598141,0.957694916024,0.0011,0.0378787685701,0.672778833292,0.0065,1.5,0.0519290757969,0.0216904406945,1.24915598141,0.957694916024,0.0389847862091,0.0065,0.054430312559,0.0384241371813,0.00525,0.0513967097897,0.0547080367476,0.0516592911556
2004-10,0.00787293999477,0.698932473819,-8.22916666667e-05,1.5,0.0364963073619,0.0276727825799,1.2648971042,1.03995000328,0.0011,0.00703960666143,0.698932473819,-0.000915625,1.5,0.0335299836813,0.0276228450758,1.2648971042,1.03995000328,0.00812382959992,-0.000915625,0.0360964675052,0.00754138587174,-0.002165625,0.0330127352922,0.0363390391682,0.0332154472937
2004-11,0.0370603582778,0.704516565609,0.00294583333333,1.5,0.0927959298516,0.057402725783,1.26286143448,1.04001381128,0.0015,0.0362270249444,0.704516565609,0.0021125,1.5,0.0898363917367,0.0573527085189,1.26286143448,1.04001381128,0.0373065944731,0.0021125,0.0923442857917,0.0367194973351,0.0008625,0.0892333480944,0.0926345072995,0.0895135466324
2004-12,0.0057335867763,0.729085134092,-0.000551041666667,1.5,0.0491206734824,0.0411154587916,1.21473162693,1.04123697392,0.0016,0.00490025344297,0.729085134092,-0.001384375,1.5,0.0463215680593,0.0410639125742,1.21473162693,1.04123697392,0.00595934916456,-0.001384375,0.0487231686771,0.00535177821948,-0.002634375,0.0457932608473,0.0489467503839,0.0459737218623
2005-01,0.0158439273802,0.730716869211,0.0137833333333,1.5,-0.00558571394705,-0.0183847675116,1.20745313773,1.03332202003,0.0016,0.0150105940469,0.730716869211,0.01295,1.5,-0.00836055773948,-0.0184264200366,1.20745313773,1.03332202003,0.0160683299892,0.01295,-0.00594871186817,0.0154593992648,0.0117,-0.0088326701442,-0.00575982632684,-0.00870878249905
2005-02,-0.0110019890864,0.730556212352,0.0160333333333,1.5,0.0390885208964,0.0326379703711,1.21135573177,1.03971973372,0.0016,-0.0118353224198,0.730556212352,0.0152,1.5,0.0363006684572,0.032588320704,1.21135573177,1.03971973372,-0.0107774525967,0.0152,0.038698922293,-0.0113862494403,0.01395,0.0357849194843,0.0389139674031,0.0359515614705
2005-03,0.00251097496696,0.725004720614,0.00820520833333,1.5,-0.0176064791521,-0.0189165792389,1.20842981806,1.03806896219,0.0021,0.00167764163363,0.725004720614,0.007371875,1.5,-0.0203845785456,-0.0189641654417,1.20842981806,1.03806896219,0.00274013769978,0.007371875,-0.017960253329,0.00213596709927,0.006121875,-0.0208403295128,-0.0177764181606,-0.0207244565626
2005-04,-0.0282576334465,0.754750373206,-0.00236041666667,1.5,-0.0489870097964,-0.0250896015974,1.19466273739,1.04365510449,0.0021,-0.0290909667798,0.754750373206,-0.00319375,1.5,-0.0517192189211,-0.025144170478,1.19466273739,1.04365510449,-0.0280532587575,-0.00319375,-0.0493300228299,-0.0286822174018,-0.00444375,-0.0521637420885,-0.0491772227828,-0.0520996448938
2005-05,0.0170998892606,0.734097751884,0.00258958333333,1.5,0.0286772913935,0.0172608133456,1.15627610566,1.04297420273,0.0024,0.0162665559273,0.734097751884,0.00175625,1.5,0.026073037708,0.0172070955922,1.15627610566,1.04297420273,0.0173214744674,0.00175625,0.0283047896208,0.0167097263408,0.00050625,0.0255811694384,0.0285081153705,0.0257346856619
2005-06,0.0354165945641,0.734643843904,0.0141677083333,1.5,0.0435786201314,0.0150720233859,1.15715902177,1.0427170485,0.0023,0.0345832612308,0.734643843904,0.013334375,1.5,0.0409714233922,0.0150186270753,1.15715902177,1.0427170485,0.0356377246942,0.013334375,0.0431950928074,0.0350255214909,0.012084375,0.0404613334387,0.0434089199809,0.0406320230911
2005-07,0.00108891712665,0.739545834895,-0.00153541666667,1.5,0.0415441869007,0.040490303014,1.15966816265,1.0787790048,0.0024,0.000255583793314,0.739545834895,-0.00236875,1.5,0.0389286263585,0.040391829258,1.15966816265,1.0787790048,0.00130596226423,-0.00236875,0.0411609678785,0.000689674068489,-0.00361875,0.0384182856619,0.0413705658518,0.0385813842607
2005-08,0.0161535241096,0.749128902362,0.00868333333333,1.5,0.0292393468167,0.0150292864829,1.22988579281,1.17806409649,0.003,0.0153201907763,0.749128902362,0.00785,1.5,0.0263897275073,0.0148067063623,1.22988579281,1.17806409649,0.0163625833576,0.00785,0.0288362144782,0.0157383092723,0.0066,0.0258533867558,0.0290478467557,0.0260067273853
2005-09,0.0100481688706,0.750760122748,0.00945208333333,1.5,0.0386443671245,0.0272097782987,1.2297401801,1.17952830173,0.0029,0.00921483553724,0.750760122748,0.00861875,1.5,0.0357952331908,0.0269853679216,1.2297401801,1.17952830173,0.0102558687683,0.00861875,0.038233342728,0.00963023533266,0.00736875,0.0352461689153,0.0384516360004,0.0354097709427
2005-10,-0.0193991775019,0.772556100611,-0.00270729166667,1.5,-0.0500350854283,-0.0354806580532,1.33781308945,1.40572755983,0.0027,-0.0202325108353,0.772556100611,-0.003540625,1.5,-0.0532444623931,-0.035987817503,1.33781308945,1.40572755983,-0.0192096409191,-0.003540625,-0.0504123598387,-0.0198534376696,-0.004790625,-0.0537402820807,-0.0502629786277,-0.0537002487919
2005-11,0.0271093050146,0.776480971148,-0.00569791666667,1.5,0.0520778329188,0.0434481216057,1.28280990258,1.40894131912,0.0031,0.0262759716813,0.776480971148,-0.00653125,1.5,0.0490517999102,0.0429369449568,1.28280990258,1.40894131912,0.027295570872,-0.00653125,0.0516118126861,0.0266485033961,-0.00778125,0.04841869336,0.051856162589,0.0486084592506
2005-12,0.0145683205462,0.777167743713,-0.00222916666667,1.5,0.0421557304427,0.0396725506176,1.27947986901,1.43472711273,0.0032,0.0137349872129,0.777167743713,-0.0030625,1.5,0.039140797546,0.0391291417266,1.27947986901,1.43472711273,0.0147540140931,-0.0030625,0.0417048184366,0.0141063743067,-0.0043125,0.0385296162098,0.04193408635,0.0386975093605
2006-01,0.032507351873,0.832991304398,0.0109052083333,1.5,0.0871051039335,0.070675,1.27868126837,1.5,0.0035,0.0316740185397,0.832991304398,0.010071875,1.5,0.084092833039,0.07005,1.27868126837,1.5,0.032646525786,0.010071875,0.0865819851288,0.0319523663657,0.008821875,0.083357968229,0.0868389853439,0.0835605958596
2006-02,-0.00389364822413,0.83833953827,0.000705208333333,1.5,-0.00629291265693,-0.004125,1.25864226183,1.5,0.0034,-0.00472698155747,0.83833953827,-0.000128125,1.5,-0.00923838686302,-0.00475,1.25864226183,1.5,-0.00375893117269,-0.000128125,-0.00672265203195,-0.00445754745458,-0.001378125,-0.0098351791134,-0.006559067933,-0.00977069741517
2006-03,0.0427440606326,0.85157720173,0.00382708333333,1.5,0.061217233503,0.039525,1.24800975186,1.5,0.0037,0.0419107272993,0.85157720173,0.00299375,1.5,0.0583072009968,0.0389,1.24800975186,1.5,0.0428677462978,0.00299375,0.0607194193748,0.0421580986297,0.00174375,0.0576056752501,0.0609430011429,0.0577587362765
2006-04,0.0217588923192,0.851840557965,0.00839270833333,1.5,0.0567052436661,0.046025,1.25631104076,1.5,0.0036,0.0209255589859,0.851840557965,0.007559375,1.5,0.0537675401969,0.0454,1.25631104076,1.5,0.0218823585209,0.007559375,0.0562061171638,0.0211724913893,0.006309375,0.0530655933123,0.0564289804301,0.0532150137249
2006-05,-0.0249479988616,0.852078514861,-0.000335416666667,1.5,-0.0674488498756,-0.058125,1.29564496307,1.5,0.0043,-0.025781332195,0.852078514861,-0.00116875,1.5,-0.0705176664192,-0.05875,1.29564496307,1.5,-0.0248247309573,-0.00116875,-0.0678474319472,-0.0255347963864,-0.00241875,-0.0710722946105,-0.0677339553471,-0.0710878773622
2006-06,0.00114150873391,0.863660625185,0.000780208333333,1.5,-0.00416944904545,-0.005475,1.26620109162,1.5,0.004,0.000308175400579,0.863660625185,-5.3125e-05,1.5,-0.00714011935085,-0.0061,1.26620109162,1.5,0.00125512487959,-5.3125e-05,-0.00461755018494,0.000535407691937,-0.001303125,-0.00777085093154,-0.00445724122081,-0.00771570370158
2006-07,-0.00715894827268,0.876320457363,0.00910520833333,1.5,0.000180598229631,-0.000375,1.25889383282,1.5,0.004,-0.00799228160601,0.876320457363,0.008271875,1.5,-0.00276571454642,-0.001,1.25889383282,1.5,-0.00705588198715,0.008271875,-0.000274269806568,-0.00778614903495,0.007021875,-0.00340944231517,-0.000115493959705,-0.00335789892509
2006-08,-0.0148867197666,0.96870669413,-0.00543541666667,1.5,0.017637373619,0.037025,1.2643904836,1.5,0.0042,-0.0157200530999,0.96870669413,-0.00626875,1.5,0.0146727386737,0.0364,1.2643904836,1.5,-0.0148606420117,-0.00626875,0.017114550968,-0.0156678975901,-0.00751875,0.0139034861911,0.0172669809417,0.0139319533191
2006-09,0.012830966935,0.973854621206,0.00401458333333,1.5,0.0204167652182,0.012475,1.26369616541,1.5,0.0041,0.0119976336017,0.973854621206,0.00318125,1.5,0.0174544446668,0.01185,1.26369616541,1.5,0.0128527547507,0.00318125,0.0198882244314,0.012041209233,0.00193125,0.0166751158536,0.0200425100508,0.016705934332
2006-10,0.0162290372706,1.01236567572,-0.00382291666667,1.5,0.0522121451989,0.053425,1.26643971651,1.5,0.0041,0.0153957039372,1.01236567572,-0.00465625,1.5,0.0492406794772,0.0528,1.26643971651,1.5,0.0162187325408,-0.00465625,0.0516309009926,0.0153750944777,-0.00590625,0.0483696720127,0.0518065950483,0.0484295791758
2006-11,0.00868759836836,1.02237632864,0.00554270833333,1.5,0.0416150901814,0.037925,1.31436992992,1.5,0.0042,0.00785426503503,1.02237632864,0.004709375,1.5,0.0384838570817,0.0373,1.31436992992,1.5,0.00866895142782,0.004709375,0.0410336307876,0.00781697115395,0.003459375,0.0376093105977,0.0411859678449,0.0376256124086
2006-12,0.0367903495841,1.02323102435,0.0104177083333,1.5,0.0572024330065,0.031125,1.31179666242,1.5,0.004,0.0359570162508,1.02323102435,0.009584375,1.5,0.0540797774651,0.0305,1.31179666242,1.5,0.0367709903971,0.009584375,0.0566154843406,0.0359182978769,0.008334375,0.053196965357,0.0567734500619,0.0532218115759
2007-01,0.0274129566171,1.09184533537,0.000902083333333,1.5,0.0345329611673,0.017725,1.37816693967,1.5,0.0044,0.0265796232838,1.09184533537,6.875e-05,1.5,0.0311890713684,0.0171,1.37816693967,1.5,0.0273364188376,6.875e-05,0.0339060922138,0.0264265477248,-0.00118125,0.0302242345765,0.0340231726207,0.0301694942752
2007-02,-0.0369930866913,1.08712328435,0.00556145833333,1.5,-0.0277333089604,-0.005075,1.38233959471,1.5,0.0038,-0.0378264200246,1.08712328435,0.004728125,1.5,-0.0310911076095,-0.0057,1.38233959471,1.5,-0.0370656894282,0.004728125,-0.028364931592,-0.0379716254985,0.003478125,-0.0320688979176,-0.0282405613123,-0.0321056123131
2007-03,0.0204900533909,1.0948916283,0.00699583333333,1.5,0.0449426535651,0.030075,1.36576399539,1.5,0.0043,0.0196567200576,1.0948916283,0.0061625,1.5,0.0416401069138,0.02945,1.36576399539,1.5,0.020410977034,0.0061625,0.0443259405072,0.0194985673438,0.0049125,0.0406887888984,0.0444348525856,0.0406245049549
2007-04,0.0542009917972,1.09262554837,0.00876770833333,1.5,0.0956854614488,0.059425,1.36243242704,1.5,0.0044,0.0533676584639,1.09262554837,0.007934375,1.5,0.0923940200254,0.0588,1.36243242704,1.5,0.0541238038403,0.007934375,0.0950816981228,0.05321328255,0.006684375,0.0914671819098,0.0951808287837,0.0913847546951
2007-05,0.0231798021675,1.13282545259,0.00480208333333,1.5,0.0556336530591,0.040825,1.38176285797,1.5,0.0041,0.0223464688341,1.13282545259,0.00396875,1.5,0.0522777768659,0.0402,1.38176285797,1.5,0.0230691142903,0.00396875,0.0549924699601,0.0221250930798,0.00271875,0.0512809243686,0.0550871438679,0.0511847584834
2007-06,0.0224221967829,1.14961343202,0.00438020833333,1.5,0.00940207082835,-0.008475,1.38346904214,1.5,0.004,0.0215888634496,1.14961343202,0.003546875,1.5,0.00604050735455,-0.0091,1.38346904214,1.5,0.0222975189229,0.003546875,0.00874026811903,0.0213395077295,0.002296875,0.00500259592927,0.00884037078301,0.00491710726386
2007-07,-0.0632459091948,1.17070034593,0.00193333333333,1.5,-0.0732035218228,-0.032175,1.37985655902,1.5,0.004,-0.0640792425281,1.17070034593,0.0011,1.5,-0.0765530436862,-0.0328,1.37985655902,1.5,-0.063388159483,0.0011,-0.07389315346,-0.0643637431047,-0.00015,-0.0776465925201,-0.0737819407424,-0.0777098815255
2007-08,-0.0239649626964,1.07414811905,0.00579583333333,1.5,-0.0253732293417,-0.013525,1.34104037944,1.5,0.0042,-0.0247982960298,1.07414811905,0.0049625,1.5,-0.0285933639398,-0.01415,1.34104037944,1.5,-0.0240267527956,0.0049625,-0.0259675660151,-0.0249218762282,0.0037125,-0.0295007216878,-0.0258544517238,-0.0295558087041
2007-09,0.0435843094778,1.05225430112,-0.000804166666667,1.5,0.0875044478773,0.068875,1.31644244533,1.5,0.0032,0.0427509761444,1.05225430112,-0.0016375,1.5,0.0843663063929,0.06825,1.31644244533,1.5,0.0435407642268,-0.0016375,0.0869032757488,0.0426638856426,-0.0028875,0.0834406630436,0.0870500660007,0.0834575426396
2007-10,0.0536806729474,1.07892145631,-0.0110510416667,1.5,0.0697566314936,0.050275,1.29026710198,1.5,0.0032,0.052847339614,1.07892145631,-0.011884375,1.5,0.0667057411537,0.04965,1.29026710198,1.5,0.0536149050671,-0.011884375,0.0691677505758,0.0527158038535,-0.013134375,0.0657978245378,0.0692897794251,0.0657720370166
2007-11,-0.0240418512746,1.04829312623,0.00426770833333,1.5,-0.0703276267034,-0.066975,1.27324427639,1.5,0.0034,-0.024875184608,1.04829312623,0.003434375,1.5,-0.0733217742914,-0.0676,1.27324427639,1.5,-0.0240820955465,0.003434375,-0.0708802471758,-0.0249556731517,0.002184375,-0.0741610453124,-0.0707639461314,-0.0741944131474
2007-12,0.0289219265489,1.06164402936,0.00777395833333,1.5,0.00462902036166,-0.020875,1.23921841184,1.5,0.0027,0.0280885932156,1.06164402936,0.006940625,1.5,0.00174829232219,-0.0215,1.23921841184,1.5,0.0288705565244,0.006940625,0.00408084517042,0.0279858531666,0.005690625,0.000910454196466,0.00419402059785,0.000878292794582
2008-01,-0.0318353288406,1.05556926786,0.00364895833333,1.5,-0.115200168642,-0.116275,1.24667365307,1.5,0.0021,-0.0326686621739,1.05556926786,0.002815625,1.5,-0.118105747486,-0.1169,1.24667365307,1.5,-0.0318816365638,0.002815625,-0.115747503632,-0.0327612776204,0.001565625,-0.118940209927,-0.115633052123,-0.118971514447
2008-02,0.0976457657965,1.0282976478,0.00597395833333,1.5,0.0569131848812,7.5e-05,1.1114974074,1.5,0.0013,0.0968124324631,1.0282976478,0.005140625,1.5,0.0544581935232,-0.00055,1.1114974074,1.5,0.0976221844233,0.005140625,0.0564292421621,0.0967652697168,0.003890625,0.0537228751107,0.0565461839651,0.0537241916909
2008-03,-0.026815039022,0.924192902774,0.0150489583333,1.5,-0.0200197250063,-0.017675,1.09992245514,1.5,0.0017,-0.0276483723554,0.924192902774,0.014215625,1.5,-0.02243613319,-0.0183,1.09992245514,1.5,-0.026751866441,0.014215625,-0.0204414085508,-0.0275220271933,0.012965625,-0.0230496652957,-0.0203113370682,-0.0230193573139
2008-04,-0.0216722348774,0.903789939473,-0.0101885416667,1.5,0.0368299538973,0.074975,1.09783490919,1.5,0.0018,-0.0225055682107,0.903789939473,-0.011021875,1.5,0.0344205042,0.07435,1.09783490919,1.5,-0.0215920598269,-0.011021875,0.0364124912988,-0.0223452181098,-0.012271875,0.033815159979,0.0365528947151,0.0338663858356
2008-05,0.000307235528663,0.918068527803,-0.00352291666667,1.5,0.0190192195533,0.028625,1.12521421641,1.5,0.0018,-0.000526097804671,0.918068527803,-0.00435625,1.5,0.0165185054986,0.028,1.12521421641,1.5,0.000375511755493,-0.00435625,0.0185854248345,-0.000389545351009,-0.00560625,0.0158870219785,0.0187252091465,0.015930484685
2008-06,0.0724625503844,0.918790108822,0.0356833333333,1.5,-0.0297396690622,-0.119825,1.12617919815,1.5,0.0017,0.0716292170511,0.918790108822,0.03485,1.5,-0.0322435997227,-0.12045,1.12617919815,1.5,0.0725302252937,0.03485,-0.0301641493148,0.0717645668697,0.0336,-0.0328562780459,-0.0300344395053,-0.0328331406089
2008-07,-0.0321490634115,0.878833284544,0.00888020833333,1.5,-0.0441185865744,-0.0372611328281,1.11500475487,1.37259460817,0.0015,-0.0329823967448,0.878833284544,0.008046875,1.5,-0.0465852690906,-0.0377268760883,1.11500475487,1.37259460817,-0.0320480911486,0.008046875,-0.0445200175457,-0.0327804522191,0.006796875,-0.0471546129242,-0.0443825871453,-0.0471132702326
2008-08,-0.0313996976057,0.854790156423,0.0125083333333,1.5,-0.0334907842973,-0.0279516845303,1.09394560866,1.37086222608,0.0013,-0.0322330309391,0.854790156423,0.011675,1.5,-0.0358872696596,-0.0284152623129,1.09394560866,1.37086222608,-0.0312786894028,0.011675,-0.0338778654329,-0.0319910145331,0.010425,-0.0364329264287,-0.0337333600059,-0.0363724210766
2008-09,-0.0135068767486,0.834448918302,0.0329739583333,1.5,-0.122037023993,-0.166030810799,1.07978582064,1.36058694719,0.0015,-0.0143402100819,0.834448918302,0.032140625,1.5,-0.124386310062,-0.166481544483,1.07978582064,1.36058694719,-0.0133689175138,0.032140625,-0.122410486526,-0.0140642916124,0.030890625,-0.124907958672,-0.122262732243,-0.124837726562
2008-10,0.0741918881319,0.828924346806,0.0526427083333,1.5,-0.12772509474,-0.22222920166,0.967152196448,1.1422419234,0.0008,0.0733585547986,0.828924346806,0.051809375,1.5,-0.129698935394,-0.222407004064,0.967152196448,1.1422419234,0.0743344511762,0.051809375,-0.128073398027,0.0736436808872,0.050559375,-0.130194633016,-0.12792391968,-0.130096585275
2008-11,0.0616333321992,0.781877027253,0.0280333333333,1.5,-0.0184233972475,-0.056603220708,0.869668944311,0.871412261991,0.0003,0.0607999988658,0.781877027253,0.0272,1.5,-0.0200722937286,-0.056603220708,0.869668944311,0.871412261991,0.0618151013431,0.0272,-0.0187095384159,0.0611635371537,0.02595,-0.0204642099115,-0.018576609558,-0.0203787183495
2008-12,0.0450893506907,0.751078778914,-0.0186354166667,1.5,0.0494609278657,0.0382397686975,0.874543449039,0.861256051744,0,0.0442560173573,0.751078778914,-0.01946875,1.5,0.0477957830356,0.0382397686975,0.874543449039,0.861256051744,0.0452967850416,-0.01946875,0.0491966244549,0.0446708860591,-0.02071875,0.047448158655,0.0493236908024,0.047521308909
2009-01,0.000844826839322,0.735474203077,-0.0135166666667,1.5,-0.0801941133566,-0.0729741029762,0.863341486797,0.853498280423,0,1.14935059884e-05,0.735474203077,-0.01435,1.5,-0.0818219183126,-0.0729741029762,0.863341486797,0.853498280423,0.00106526500342,-0.01435,-0.0804718203114,0.000452369834193,-0.0156,-0.0821983496444,-0.080321172512,-0.0820760366234
2009-02,0.0188767121156,0.739340373703,-0.00815416666667,1.5,-0.0802010370453,-0.0834180038241,0.84562539707,0.841067510816,0.0001,0.0180433787823,0.739340373703,-0.0089875,1.5,-0.0817697883688,-0.0834180038241,0.84562539707,0.841067510816,0.0190939284708,-0.0089875,-0.080485234959,0.0184778114928,-0.0102375,-0.0821636336944,-0.0803275322318,-0.082022778742
2009-03,-0.0176156278424,0.740221829283,-0.0574666666667,1.5,0.0279290686535,0.0590514556249,0.810777673663,0.809511081498,0.0002,-0.0184489611757,0.740221829283,-0.0583,1.5,0.0264764764079,0.0590514556249,0.810777673663,0.809511081498,-0.0173991460335,-0.0583,0.0276881500876,-0.0180159975579,-0.05955,0.0261615962833,0.0278073395935,0.026233018288
2009-04,-0.0340161620946,0.741514566599,-0.0850760416667,1.5,0.0438027588672,0.0898094047411,0.81555388551,0.786234923235,0.0001,-0.034849495428,0.741514566599,-0.085909375,1.5,0.0423342459155,0.0898094047411,0.81555388551,0.786234923235,-0.0338007575668,-0.085909375,0.0435650999153,-0.0344186863723,-0.087159375,0.0420269080799,0.0436796537777,0.0420880357365
2009-05,-0.0542056085404,0.722271416417,-0.0659510416667,1.5,0.0311832010009,0.0734674711204,0.810721644802,0.738366543924,0,-0.0550389418737,0.722271416417,-0.066784375,1.5,0.0297307955183,0.0734674711204,0.810721644802,0.738366543924,-0.053974168054,-0.066784375,0.0309482086022,-0.054576060901,-0.068034375,0.0294280073675,0.0310705758457,0.0295055452079
2009-06,0.0095015217338,0.689097377601,-0.00186354166667,1.5,0.000308442757739,-0.00174014406653,0.813075049807,0.707747717897,0.0001,0.00866818840047,0.689097377601,-0.002696875,1.5,-0.00115180740828,-0.00174014406653,0.813075049807,0.707747717897,0.00976060725246,-0.002696875,7.46816789e-05,0.0091863594378,-0.003946875,-0.00145127444456,0.000212348782919,-0.00134399535792
2009-07,-0.0243033373641,0.689134058743,0.00538333333333,1.5,0.0615468080984,0.0609626054041,0.813030925675,0.707704714001,0.0001,-0.0251366706975,0.689134058743,0.00455,1.5,0.0600867050128,0.0609626054041,0.813030925675,0.707704714001,-0.0240442824131,0.00455,0.0613275203857,-0.0246185607954,0.0033,0.0598161380997,0.0614507006991,0.0598944902142
2009-08,0.0131679345666,0.680464321378,-0.0124010416667,1.5,0.0302986252332,0.0267243593836,0.789146823287,0.686194829473,0.0001,0.0123346012332,0.680464321378,-0.013234375,1.5,0.0289181358222,0.0267243593836,0.789146823287,0.686194829473,0.0134342142987,-0.013234375,0.0300790152242,0.0128671606976,-0.014484375,0.0286425153739,0.0302096172045,0.0287401197648
2009-09,0.00466102841936,0.682666791664,-0.00624166666667,1.5,0.0337359476493,0.0305801243565,0.78397961355,0.683410860011,0.0001,0.00382769508602,0.682666791664,-0.007075,1.5,0.0323726822708,0.0305801243565,0.78397961355,0.683410860011,0.00492547275964,-0.007075,0.0335162021631,0.00435658376658,-0.008325,0.0320959401756,0.0336464432489,0.0321936734699
2009-10,-0.0144689140535,0.682785461781,0.00519583333333,1.5,-0.0206378257803,-0.0142407056276,0.777914608555,0.678128839407,0,-0.0153022473869,0.682785461781,0.0043625,1.5,-0.0219808744755,-0.0142407056276,0.777914608555,0.678128839407,-0.014204568605,0.0043625,-0.0208603838737,-0.0147735564898,0.0031125,-0.0222641886216,-0.0207266954559,-0.0221586138267
2009-11,0.0302497572648,0.67872848883,-0.00633541666667,1.5,0.0370685150696,0.0247739059498,0.781088646245,0.680601811806,0,0.0294164239315,0.67872848883,-0.00716875,1.5,0.0357148862487,0.0247739059498,0.781088646245,0.680601811806,0.0305174835242,-0.00716875,0.0368499872973,0.0299518764501,-0.00841875,0.0354401535492,0.0369812633237,0.035540382757
2009-12,-0.0122256075947,0.671443094116,0.0224083333333,1.5,0.0183346326176,0.0131937604055,0.77585999186,0.67843318163,0.0001,-0.0130589409281,0.671443094116,0.021575,1.5,0.0169984326447,0.0131937604055,0.77585999186,0.67843318163,-0.0119518101732,0.021575,0.0181177270223,-0.0125113460849,0.020325,0.0167261877987,0.0182514977191,0.0168321628477
2010-01,-0.0320650237416,0.672291542333,-0.00849166666667,1.5,-0.0456197723542,-0.0253023422662,0.780144196631,0.678346977646,0,-0.0328983570749,0.672291542333,-0.009325,1.5,-0.0469702530096,-0.0253023422662,0.780144196631,0.678346977646,-0.0317919333602,-0.009325,-0.0458367626042,-0.0323521763121,-0.010575,-0.0472414470273,-0.0457037800085,-0.0471382683182
2010-02,0.0127615826692,0.659890644158,0.000527083333333,1.5,0.0143974061781,0.00872331573146,0.771365249501,0.676226025695,0,0.0119282493359,0.659890644158,-0.00030625,1.5,0.0130761886798,0.00872331573146,0.771365249501,0.676226025695,0.0130450071324,-0.00030625,0.0141852464127,0.0124950982623,-0.00155625,0.0128125816174,0.014320322374,0.0129220210715
2010-03,0.0338145290593,0.66673829216,0.0230739583333,1.5,0.0694565662651,0.0422507126604,0.770922511932,0.67549219007,0.0001,0.032981195726,0.66673829216,0.022240625,1.5,0.0681368245587,0.0422507126604,0.770922511932,0.67549219007,0.0340922471492,0.022240625,0.0692418092283,0.0335366319057,0.020990625,0.0678678582341,0.0693762273257,0.0679761466799
2010-04,0.013249174858,0.657635209117,0.0124989583333,1.5,0.0126752374364,0.00329891378891,0.746354799814,0.66644037269,0.0001,0.0124158415247,0.657635209117,0.011665625,1.5,0.0114373881037,0.00329891378891,0.746354799814,0.66644037269,0.0135344788504,0.011665625,0.0124696222382,0.0129864495095,0.010415625,0.0111821388087,0.0126017050645,0.01129032336
2010-05,-0.0350087574311,0.665764858393,-0.0134135416667,1.5,-0.0915725301146,-0.0638241746757,0.76096679507,0.670064724064,0.0001,-0.0358420907644,0.665764858393,-0.014246875,1.5,-0.0928590860981,-0.0638241746757,0.76096679507,0.670064724064,-0.0347302281464,-0.014246875,-0.091767116574,-0.0352850321951,-0.015496875,-0.0930886676063,-0.0916513685852,-0.0930167630394
2010-06,0.00676375111697,0.650676358629,-0.0152791666667,1.5,-0.0263789897617,-0.020514047098,0.724794855064,0.654414193588,0.0001,0.00593041778364,0.650676358629,-0.0161125,1.5,-0.027544972612,-0.020514047098,0.724794855064,0.654414193588,0.00705485415145,-0.0161125,-0.0265717527877,0.00651262385259,-0.0173625,-0.0277788017243,-0.0264472456677,-0.0276814844239
2010-07,-0.00655694507371,0.651555805965,0.00642395833333,1.5,0.0588330593745,0.053729573859,0.722752734166,0.653222580499,0.0001,-0.00739027840704,0.651555805965,0.005590625,1.5,0.057673883594,0.053729573859,0.722752734166,0.653222580499,-0.00626657491201,0.005590625,0.0586294728102,-0.00680953808365,0.004340625,0.0574178514972,0.0587645985163,0.0575369618775
2010-08,0.0362614553627,0.667600292652,-0.00183541666667,1.5,-0.0158508190748,-0.0247688656545,0.708232090325,0.63766322191,0.0001,0.0354281220294,0.667600292652,-0.00266875,1.5,-0.0169615927092,-0.0247688656545,0.708232090325,0.63766322191,0.0365384551188,-0.00266875,-0.0160458563546,0.0359821215416,-0.00391875,-0.0172035533979,-0.0159250065158,-0.0171099675912
2010-09,0.00681363609625,0.660070873245,0.00378958333333,1.5,0.0730823613378,0.0627005309665,0.708106826138,0.635538385447,0.0001,0.00598030276292,0.660070873245,0.00295625,1.5,0.0719720052507,0.0627005309665,0.708106826138,0.635538385447,0.00709691036855,0.00295625,0.0728811433385,0.00654685130751,0.00170625,0.071717461726,0.073011519289,0.0718303211531
2010-10,0.013297290575,0.665876991377,0.000208333333333,1.5,0.0314998234439,0.0245228215928,0.690673111174,0.619868568346,0.0001,0.0124639572417,0.665876991377,-0.000625,1.5,0.03044757974,0.0245228215928,0.690673111174,0.619868568346,0.0135757264156,-0.000625,0.0313027336039,0.0130208289227,-0.001875,0.0301981265849,0.0314282192078,0.0303043712678
2010-11,-0.00552135229001,0.674583344868,0.0127052083333,1.5,-0.0129210828784,-0.0133272778028,0.69249966195,0.618768562339,0.0001,-0.00635468562334,0.674583344868,0.011871875,1.5,-0.0139794150849,-0.0133272778028,0.69249966195,0.618768562339,-0.00525017174406,0.011871875,-0.0131121020584,-0.00581232453145,0.010621875,-0.0142159905255,-0.0129966446955,-0.0141305387191
2010-12,0.0297707949491,0.678037151657,-0.00113229166667,1.5,0.0627737398823,0.0473330070722,0.699433651897,0.621486935161,0.0001,0.0289374616157,0.678037151657,-0.001965625,1.5,0.061692294376,0.0473330070722,0.699433651897,0.621486935161,0.0300390973227,-0.001965625,0.0625636646977,0.029474066363,-0.003215625,0.0614187973971,0.0626959116478,0.061536637907
2011-01,-0.00536466667163,0.6727532232,0.00748333333333,1.5,0.0148347464487,0.0131111986342,0.679013047623,0.610854395974,0.0001,-0.00619800000496,0.6727532232,0.00665,1.5,0.0138213696233,0.0131111986342,0.679013047623,0.610854395974,-0.0050919610243,0.00665,0.0146415365142,-0.0056525887103,0.0054,0.0135774058202,0.0147614328909,0.0136747425076
2011-02,0.0278730960629,0.678969565072,-0.000963541666667,1.5,0.0334792555875,0.0217776706369,0.700674118396,0.621136694467,0.0001,0.0270397627295,0.678969565072,-0.001796875,1.5,0.0323936751929,0.0217776706369,0.700674118396,0.621136694467,0.0281406214253,-0.001796875,0.0332764547202,0.0275748134544,-0.003046875,0.0321347199727,0.0334008809986,0.0322369260151
2011-03,-0.0126334174748,0.717327411632,0.00583333333333,1.5,-0.00755791164703,-0.00411060498523,0.701408042384,0.619206615475,0.0001,-0.0134667508081,0.717327411632,0.005,1.5,-0.00864593845497,-0.00411060498523,0.701408042384,0.619206615475,-0.0123978569845,0.005,-0.00776577859349,-0.0129956298275,0.00375,-0.00891460811186,-0.00765318364349,-0.00883648244791
2011-04,0.0362929762798,0.721671408185,0.00522395833333,1.5,0.0454597422492,0.0276899970269,0.702204868392,0.619463020735,0,0.0354596429464,0.721671408185,0.004390625,1.5,0.0443690593545,0.0276899970269,0.702204868392,0.619463020735,0.0365249167729,0.004390625,0.0452406398409,0.0359235239328,0.003140625,0.0440780079123,0.0453624555354,0.044174485927
2011-05,-0.00957027330909,0.715874429911,0.00566458333333,1.5,-0.0164333472177,-0.013023864813,0.694749338476,0.620184038713,0,-0.0104036066424,0.715874429911,0.00483125,1.5,-0.0174991783459,-0.013023864813,0.694749338476,0.620184038713,-0.00933350200068,0.00483125,-0.01663712394,-0.00993006402561,0.00358125,-0.0177610710133,-0.0165270838535,-0.0176866516176
2011-06,-0.0177972051241,0.713449284387,0.00868333333333,1.5,-0.0141780176226,-0.0094191316522,0.69317796911,0.619679713961,0,-0.0186305384574,0.713449284387,0.00785,1.5,-0.0152386108529,-0.0094191316522,0.69317796911,0.619679713961,-0.0175584128611,0.00785,-0.014380964518,-0.0181529539314,0.0066,-0.0154991457582,-0.014270491586,-0.0154235587798
2011-07,0.0131436510647,0.74172600265,-0.000804166666667,1.5,-0.00800278839218,-0.0107440150993,0.694119238377,0.632000888195,0,0.0123103177314,0.74172600265,-0.0016375,1.5,-0.00906651918677,-0.0107440150993,0.694119238377,0.632000888195,0.0133588793959,-0.0016375,-0.00821559945644,0.0127407743937,-0.0028875,-0.00934667225124,-0.00810765506021,-0.00927625252284
2011-08,0.0192895855555,0.753444656743,-0.00306354166667,1.5,-0.0472586208012,-0.0475088387715,0.698530417033,0.63309626026,0.0001,0.0184562522221,0.753444656743,-0.003896875,1.5,-0.0483370555247,-0.0475088387715,0.698530417033,0.63309626026,0.0194950483415,-0.003896875,-0.0474700535267,0.0188671777942,-0.005146875,-0.048613618014,-0.0473692700523,-0.0485583540269
2011-09,-0.0725586467668,0.765425412951,-0.000316666666667,1.5,-0.0889129541326,-0.0572838154857,0.688594529591,0.622650168322,0,-0.0733919801002,0.765425412951,-0.00115,1.5,-0.0899582692312,-0.0572838154857,0.688594529591,0.622650168322,-0.0723631679443,-0.00115,-0.0891189116875,-0.0730010224551,-0.0024,-0.0902260081756,-0.0890271856872,-0.0901867323404
2011-10,-0.0135574415129,0.699590989345,-0.00619479166667,1.5,0.0608371735343,0.0636145014538,0.679258272866,0.635509505032,0,-0.0143907748462,0.699590989345,-0.007028125,1.5,0.0598229792914,0.0636145014538,0.679258272866,0.635509505032,-0.0133071006707,-0.007028125,0.0606316786088,-0.0138900931618,-0.008278125,0.0595540856091,0.0607524398901,0.059653512003
2011-11,0.0176000163168,0.742451148785,0.0176458333333,1.5,-0.00676085700796,-0.018743484274,0.710366551937,0.709980464924,0,0.0167666829834,0.742451148785,0.0168125,1.5,-0.00787874551442,-0.018743484274,0.710366551937,0.709980464924,0.0178146403594,0.0168125,-0.00697994569744,0.0171959310688,0.0155625,-0.00816853430121,-0.00686850024957,-0.00809403199764
2011-12,0.0105224713807,0.783669590246,0.0122645833333,1.5,0.00444913072901,-0.00317920446516,0.711941972275,0.722546469355,0,0.00968913804732,0.783669590246,0.01143125,1.5,0.00332599082143,-0.00317920446516,0.711941972275,0.722546469355,0.0107027467221,0.01143125,0.00421643618545,0.0100496887302,0.01018125,0.00300929544019,0.00432290804929,0.00307354546198
2012-01,-0.00761671032689,0.8130128056,-0.0351729166667,1.5,0.0243861935684,0.0406659288161,0.718399614487,0.724882866598,0,-0.00845004366022,0.8130128056,-0.03600625,1.5,0.0232415281868,0.0406659288161,0.718399614487,0.724882866598,-0.00746088766489,-0.03600625,0.0241408561141,-0.00813839833622,-0.03725625,0.0229009485738,0.0242456508941,0.0229604428382
2012-02,-0.0187110076757,0.812236166775,-0.0190854166667,1.5,0.0221221057569,0.0369148650937,0.748056213637,0.748780225025,0,-0.019544341009,0.812236166775,-0.01991875,1.5,0.0208785850448,0.0369148650937,0.748056213637,0.748780225025,-0.0185545378146,-0.01991875,0.0218674844908,-0.0192314012869,-0.02116875,0.020525552037,0.021976124379,0.020586622289
2012-03,0.000893395808478,0.814215789021,0.0191552083333,1.5,0.0169344516446,0.00982387202664,0.78720206052,0.792247744084,0,6.00624751449e-05,0.814215789021,0.018321875,1.5,0.0155604447762,0.00982387202664,0.78720206052,0.792247744084,0.00104821598429,0.018321875,0.0166665430663,0.000369702826776,0.017071875,0.0151889257217,0.0167798570718,0.0152512556305
2012-04,0.0290347193139,0.818872403343,0.0175239583333,1.5,0.00888178757876,-0.00891980844319,0.788461662294,0.803586346233,0,0.0282013859805,0.818872403343,0.016690625,1.5,0.00750358203778,-0.00891980844319,0.788461662294,0.803586346233,0.0291856589777,0.016690625,0.00861236318514,0.0285032653083,0.015440625,0.00712929528811,0.00872465091301,0.00718930870628
2012-05,0.0877179699104,0.827252052634,0.0303020833333,1.5,-0.0243018078597,-0.0746324612917,0.794420223248,0.841581771303,0.0001,0.0868846365771,0.827252052634,0.02946875,1.5,-0.0256998752705,-0.0746324612917,0.794420223248,0.841581771303,0.0878619265332,0.02946875,-0.0245740119439,0.0871725498227,0.02821875,-0.0260784300631,-0.0244642926402,-0.0260248448314
2012-06,-0.0537100004251,0.789070684778,0.00544895833333,1.5,0.0185273871616,0.040329832171,0.790022807485,0.831542931361,0,-0.0545433337585,0.789070684778,0.004615625,1.5,0.0171439778033,0.040329832171,0.790022807485,0.831542931361,-0.0535342259958,0.004615625,0.018266218565,-0.0541917848998,0.003365625,0.0167866836038,0.0183846543903,0.0168585122608
2012-07,0.0122850623984,0.747933270561,0.0144395833333,1.5,0.0165458949247,0.00701718398288,0.789982432927,0.825551056809,0,0.011451729065,0.747933270561,0.01360625,1.5,0.0151626201483,0.00701718398288,0.789982432927,0.825551056809,0.0124951180062,0.01360625,0.0162984857427,0.0118718402808,0.01235625,0.0148328196091,0.0164234805945,0.0149177914879
2012-08,-0.0140217783081,0.758601511209,-0.00181666666667,1.5,0.0153531256834,0.023790161888,0.805667391645,0.852164096689,0.0001,-0.0148551116414,0.758601511209,-0.00265,1.5,0.0139175677112,0.023790161888,0.805667391645,0.852164096689,-0.0138206129008,-0.00265,0.0150974141859,-0.0144527808268,-0.0039,0.0135744148541,0.0152229089302,0.0136571342049
2012-09,-0.0288208276718,0.756087905366,-0.00562291666667,1.5,0.0102260161569,0.0263429403635,0.808518200348,0.854818904349,0.0001,-0.0296541610051,0.756087905366,-0.00645625,1.5,0.0087809554891,0.0263429403635,0.808518200348,0.854818904349,-0.0286175675929,-0.00645625,0.00997068664689,-0.0292476408474,-0.00770625,0.00843913461159,0.0100966088242,0.00852214082363
2012-10,-0.0091624549465,0.743473481164,0.00574895833333,1.5,-0.00556607360705,-0.0035930066587,0.813010254658,0.858838757836,0.0001,-0.00999578827983,0.743473481164,0.004915625,1.5,-0.00702610778924,-0.0035930066587,0.813010254658,0.858838757836,-0.00894868284747,0.004915625,-0.00581744807013,-0.00956824408177,0.003665625,-0.00735910349058,-0.00568979013013,-0.0072735408354
2012-11,-0.00275418695706,0.745952914183,0.00874895833333,1.5,0.0125439860216,0.0114798329232,0.817235221116,0.862108554787,0.0001,-0.00358752029039,0.745952914183,0.007915625,1.5,0.0110698686178,0.0114798329232,0.817235221116,0.862108554787,-0.00254248105221,0.007915625,0.0122891587433,-0.0031641084807,0.006665625,0.0107308905392,0.0124183601564,0.0108186168876
2012-12,0.00716883092858,0.758499604693,0.00287083333333,1.5,0.0223588617405,0.0200196293678,0.823236674624,0.866070842077,0.0001,0.00633549759525,0.758499604693,0.0020375,1.5,0.0208647394917,0.0200196293678,0.823236674624,0.866070842077,0.00737008125801,0.0020375,0.0220972647801,0.00673799825409,0.0007875,0.0205134376773,0.0222258577686,0.020598731548
2013-01,0.00522776601507,0.761295113102,0.0102395833333,1.5,0.0504768170007,0.0472595095611,0.822727624013,0.86555878317,0,0.00439443268173,0.761295113102,0.00940625,1.5,0.0489843915873,0.0472595095611,0.822727624013,0.86555878317,0.00542668675415,0.00940625,0.0502127922817,0.0047922741599,0.00815625,0.04862808815,0.0503424578085,0.0487156732029
2013-02,0.0137054437765,0.781793025527,0.0115989583333,1.5,0.0104461994518,0.000778867859412,0.832069504176,0.86540873268,0,0.0128721104431,0.781793025527,0.010765625,1.5,0.00892263443789,0.000778867859412,0.832069504176,0.86540873268,0.0138872829219,0.010765625,0.0101745155493,0.0132357887339,0.009515625,0.00855302492828,0.0102996548374,0.0086295452091
2013-03,0.00894524732048,0.782259527866,0.0139520833333,1.5,0.027839497781,0.0198970602354,0.832256919307,0.865089575452,0,0.00811191398715,0.782259527866,0.01311875,1.5,0.0263153080499,0.0198970602354,0.832256919307,0.865089575452,0.00912669771393,0.01311875,0.0275663989507,0.00847481477404,0.01186875,0.0259428928671,0.0276926775028,0.0260216674935
2013-04,0.0479615672847,0.800634055169,0.0209927083333,1.5,0.0546275935805,0.0265319830431,0.858476209447,0.878542484869,0,0.0471282339514,0.800634055169,0.020159375,1.5,0.0530160062157,0.0265319830431,0.858476209447,0.878542484869,0.0481277055721,0.020159375,0.0543388230942,0.0474605105261,0.018909375,0.0526175713834,0.0544662890905,0.0526933972356
2013-05,-0.0180527972053,0.776490719291,-0.0112197916667,1.5,-0.00850449695004,0.00490693472335,0.845548542835,0.876238343456,0,-0.0188861305386,0.776490719291,-0.012053125,1.5,-0.0100729920928,0.00490693472335,0.845548542835,0.876238343456,-0.0178665394713,-0.012053125,-0.00877780427267,-0.0185136150707,-0.013303125,-0.0104432973549,-0.00865061340304,-0.0103652249988
2013-06,0.00170695553951,0.79720179191,0.0107739583333,1.5,-0.0189004608739,-0.0236843111233,0.938997667108,0.939853616004,0,0.000873622206179,0.79720179191,0.009940625,1.5,-0.0207804530976,-0.0236843111233,0.938997667108,0.939853616004,0.00187595404625,0.009940625,-0.0192104962326,0.00121161921966,0.008690625,-0.021204301429,-0.0190748807422,-0.0211292928342
2013-07,0.02644830419,0.797401646215,0.00311458333333,1.5,0.0658124580273,0.0526238965429,0.94831211649,0.943080583207,0,0.0256149708567,0.797401646215,0.00228125,1.5,0.063901417639,0.0526238965429,0.94831211649,0.943080583207,0.0266171361515,0.00228125,0.0654889567703,0.0259526347796,0.00103125,0.0634528295845,0.0656361895369,0.0635488806583
2013-08,-0.00634691586745,0.792837713905,-0.0102822916667,1.5,-0.0266247116046,-0.0176220105419,0.957413393898,0.962951395734,0,-0.00718024920079,0.792837713905,-0.011115625,1.5,-0.0285660895843,-0.0176220105419,0.957413393898,0.962951395734,-0.00617428062904,-0.011115625,-0.0269387076827,-0.00683497872396,-0.012365625,-0.0289940784573,-0.0267999408231,-0.0289165480212
2013-09,-0.0127968881503,0.812819077415,0.00746458333333,1.5,0.0490244015408,0.0537915848699,0.954841649013,0.97448523315,0,-0.0136302214836,0.812819077415,0.00663125,1.5,0.047091596044,0.0537915848699,0.954841649013,0.97448523315,-0.0126409040482,0.00663125,0.0486958471576,-0.0133182532793,0.00538125,0.046634126721,0.0488377186134,0.0467182301894
2013-10,0.0195529378168,0.809633031742,0.0121708333333,1.5,0.0517585247008,0.0377159962871,1.00092424461,1.01718260215,0,0.0187196044835,0.809633031742,0.0113375,1.5,0.0496721105521,0.0376945180345,1.00092424461,1.01718260215,0.0197115769571,0.0113375,0.0514182165595,0.0190368827639,0.0100875,0.0492003771,0.0515648251955,0.0492847115416
2013-11,0.0285778692209,0.808306624931,0.0113083333333,1.5,0.0367963691582,0.0185085398789,0.997286091407,1.01820294271,0,0.0277445358875,0.808306624931,0.010475,1.5,0.0347220821869,0.0184857862005,0.997286091407,1.01820294271,0.0287376137001,0.010475,0.0364597364106,0.028064024846,0.009225,0.0342567263188,0.0366042004652,0.0343377448007
2013-12,0.0123868873435,0.801090508252,0.00369583333333,1.5,0.0286401901999,0.0223463336619,1.00178593387,1.02658557966,0,0.0115535540101,0.801090508252,0.0028625,1.5,0.0265509037537,0.0223131016874,1.00178593387,1.02658557966,0.0125526452533,0.0028625,0.0283049050382,0.0118850698297,0.0016125,0.0260892656998,0.0284516725524,0.0261738684587
2014-01,-0.0387458985327,0.814129633307,-0.00132916666667,1.5,-0.0567450649237,-0.0350265590425,1.04613358864,1.06227112862,0,-0.039579231866,0.814129633307,-0.0021625,1.5,-0.0589821768858,-0.0351043979532,1.04613358864,1.06227112862,-0.0385910065604,-0.0021625,-0.0571006858593,-0.0392694479215,-0.0034125,-0.0594755570174,-0.0569504533991,-0.0593929538366
2014-02,-0.00812885496382,0.791997820287,0.00471770833333,1.5,0.0481293045941,0.0529436638338,1.01045121028,1.04749065519,0,-0.00896218829715,0.791997820287,0.003884375,1.5,0.0460111338931,0.0528843005148,1.01045121028,1.04749065519,-0.00795551981406,0.003884375,0.0477957756401,-0.00861551799763,0.002634375,0.0455545928144,0.0479448986248,0.0456423219545
2014-03,0.00847922323647,0.803790543772,0.00311458333333,1.5,0.00609555881526,0.00150957715308,1.01014311264,1.03830861231,0,0.00764588990313,0.803790543772,0.00228125,1.5,0.00397841510645,0.00146169138769,1.01014311264,1.03830861231,0.00864273111666,0.00228125,0.00575736058371,0.00797290566351,0.00103125,0.00351229200929,0.00590376386184,0.0035948251996
2014-04,-0.0017179691447,0.806544428123,-0.00439479166667,1.5,0.00119282965065,0.00566998673888,1.01401096101,1.03999687974,0,-0.00255130247803,0.806544428123,-0.005228125,1.5,-0.000937206886061,0.00561999063921,1.01401096101,1.03999687974,-0.00155675616814,-0.005228125,0.000852054834262,-0.0022288765249,-0.006478125,-0.00140761161347,0.000998555019304,-0.00132575614875
2014-05,-0.00271090196845,0.82864706743,0.000217708333333,1.5,0.0155098692609,0.01833059591,1.03682478233,1.05111359446,0,-0.00354423530178,0.82864706743,-0.000615625,1.5,0.0133037866532,0.0182667039169,1.03682478233,1.05111359446,-0.00256810785798,-0.000615625,0.015152367149,-0.00325864708083,-0.001865625,0.0128045370192,0.0152969008708,0.012877849873
2014-06,0.0184178364226,0.830467777177,-0.00346666666667,1.5,0.0275019124331,0.0212004771357,1.0469112709,1.0583807499,0,0.0175845030892,0.830467777177,-0.0043,1.5,0.0252622081967,0.0211275011983,1.0469112709,1.0583807499,0.0185591132749,-0.0043,0.0271402057285,0.0178670567939,-0.00555,0.0247567434202,0.0272856809077,0.024829745146
2014-07,-0.00605518783662,0.833446288336,0.00483020833333,1.5,-0.0236454023199,-0.0218728604256,1.05433194813,1.06312001957,0,-0.00688852116995,0.833446288336,0.003996875,1.5,-0.025909842147,-0.0219517604501,1.05433194813,1.06312001957,-0.0059163930769,0.003996875,-0.0240118043988,-0.00661093165051,0.002746875,-0.0264230677617,-0.0238651292417,-0.0263492959905
2014-08,0.027669604956,0.834981178225,-0.00102916666667,1.5,0.0328460571852,0.0204058324256,1.04899825043,1.06126495433,0,0.0268362716226,0.834981178225,-0.0018625,1.5,0.0305993963505,0.0203292512327,1.04899825043,1.06126495433,0.0278071206408,-0.0018625,0.0324808375795,0.0271113029923,-0.0031125,0.0300875572846,0.0326264355165,0.0301601530131
2014-09,0.0320979050215,0.830941050268,0.000573958333333,1.5,-0.0176841571889,-0.0352899405,1.10959220457,1.1365455832,0,0.0312645716882,0.830941050268,-0.000259375,1.5,-0.0201327978708,-0.035460622479,1.10959220457,1.1365455832,0.0322387874796,-0.000259375,-0.0180678320105,0.0315463366044,-0.001509375,-0.0206687828211,-0.0179136631949,-0.0205918098827
2014-10,0.00686719017879,0.930065429144,-0.000916666666667,1.5,0.00657132352868,0.0038241539032,1.40952439129,1.25568483083,0,0.00603385684545,0.930065429144,-0.00175,1.5,0.00312290889104,0.00350454786466,1.40952439129,1.25568483083,0.00692546898783,-0.00175,0.00602459557106,0.00615041446355,-0.003,0.00232413832693,0.00619245620854,0.00236517425075
2014-11,0.0786695028676,0.939028188174,-0.00206979166667,1.5,0.0796997834007,0.0223847858995,1.5,1.38588759997,0,0.0778361695342,0.939028188174,-0.002903125,1.5,0.0759497834007,0.0219024263995,1.5,1.38588759997,0.0787203127107,-0.002903125,0.0791128907831,0.0779377892206,-0.004153125,0.0750884981654,0.0792881944743,0.0751266055478
2014-12,0.0390562132706,0.86891992458,0.00675208333333,1.5,0.0102562224529,-0.0209292225738,1.5,1.41720272037,0,0.0382228799372,0.86891992458,0.00591875,1.5,0.00650622245292,-0.0214507259743,1.5,1.41720272037,0.0391654466667,0.00591875,0.00971314750005,0.0384413467296,0.00466875,0.00573257254719,0.00991036002362,0.00581449759433
2015-01,0.109980827948,0.854728338658,0.0138770833333,1.5,0.0642934334608,-0.0250021795169,1.5,1.40762356659,0,0.109147494614,0.854728338658,0.01304375,1.5,0.0605434334608,-0.0255117089752,1.5,1.40762356659,0.110101887666,0.01304375,0.0637592282492,0.10938961405,0.01179375,0.0597875230375,0.0639608756433,0.0598783178258
2015-02,-0.0197521150061,0.739322946376,-0.0150916666667,1.5,0.0600171637455,0.0840899024981,1.5,1.43197757127,0,-0.0205854483394,0.739322946376,-0.015925,1.5,0.0562671637455,0.083549930534,1.5,1.43197757127,-0.019534884128,-0.015925,0.059555086904,-0.0201509865833,-0.017175,0.0556555100625,0.0597927984832,0.055818433221
2015-03,0.0423947802151,0.737463894907,0.00420208333333,1.5,0.0148468103465,-0.0170528322643,1.49441251898,1.4133461208,0,0.0415614468818,0.737463894907,0.00336875,1.5,0.0111154352832,-0.0175695149153,1.49441251898,1.4133461208,0.0426135603027,0.00336875,0.0143874800122,0.041999007057,0.00211875,0.0105082105189,0.0146250172107,0.0106718490115
2015-04,-0.0486032949302,0.725486515856,-0.0107041666667,1.5,-0.00629683758309,0.037511561781,1.49332006079,1.40276834743,0,-0.0494366282635,0.725486515856,-0.0115375,1.5,-0.0100245711191,0.0370081013468,1.49332006079,1.40276834743,-0.0483745336934,-0.0115375,-0.00674821887678,-0.0489791057899,-0.0127875,-0.0106161830418,-0.00650728979407,-0.010445475541
2015-05,0.00873243417316,0.689945815183,0.00399583333333,1.5,0.0143962778261,0.00652772264757,1.48308658151,1.40739270602,0,0.00789910083982,0.689945815183,0.0031625,1.5,0.0107026558878,0.00601848176505,1.48308658151,1.40739270602,0.0089908126605,0.0031625,0.0139701859562,0.00841585781452,0.0019125,0.0101592364148,0.0142202115201,0.0103505232756
2015-06,-0.044046193191,0.74824362794,0.00428645833333,1.5,-0.0636698011432,-0.031975,1.5,1.5,0,-0.0448795265243,0.74824362794,0.003453125,1.5,-0.0674198011432,-0.0326,1.5,1.5,-0.0438363962142,0.003453125,-0.0641374534107,-0.0444599325709,0.002203125,-0.0680426056781,-0.0639025295444,-0.0678852579456
2015-07,0.0654162943311,0.758066163095,0.00126770833333,1.5,0.0625500947473,0.016325,1.45460805869,1.5,0,0.0645829609978,0.758066163095,0.000434375,1.5,0.0589514012183,0.0157,1.45460805869,1.5,0.0656179058619,0.000434375,0.0620960267801,0.0649861840593,-0.000815625,0.0583453944463,0.062315479047,0.0584821698177
2015-08,-0.0136525838583,0.718318993824,0.00401458333333,1.5,-0.0981896465813,-0.093325,1.43867310296,1.5,0,-0.0144859171917,0.718318993824,0.00318125,1.5,-0.101735223591,-0.09395,1.43867310296,1.5,-0.0134178496865,0.00318125,-0.0986278138245,-0.0140164488481,0.00193125,-0.102312530057,-0.0983859526215,-0.102127835672
2015-09,0.0211292603684,0.718144908431,0.0112614583333,1.5,-0.0318212580061,-0.059275,1.30178019295,1.5,0,0.0202959270351,0.718144908431,0.010428125,1.5,-0.0349105253159,-0.0599,1.30178019295,1.5,0.0213641396114,0.010428125,-0.0322152217455,0.020765685521,0.009178125,-0.0354284158721,-0.0319987434567,-0.0352654962171
2015-10,-0.00572341688169,0.732525354963,-0.00926979166667,1.5,0.0820078551769,0.108434936825,1.27774551113,1.48971420188,0,-0.00655675021502,0.732525354963,-0.010103125,1.5,0.0789987034731,0.107822794073,1.27774551113,1.48971420188,-0.00550052134416,-0.010103125,0.0816304970154,-0.00611095913996,-0.011353125,0.0785087782793,0.0818221625341,0.0786273181875
2015-11,0.0306857445092,0.733931893377,-0.00185416666667,1.5,0.0123704319568,-0.00469426441203,1.24727402757,1.39865044989,0,0.0298524111759,0.733931893377,-0.0026875,1.5,0.00946285186492,-0.00519257747439,1.24727402757,1.39865044989,0.0309074679314,-0.0026875,0.0119901793335,0.0302958580202,-0.0039375,0.00896126048048,0.0121880712226,0.00909813039638
2015-12,-0.00352721422997,0.730596633042,0.00633958333333,1.5,-0.0215840449694,-0.0245381459952,1.24683456969,1.39558738519,0.0001,-0.0043605475633,0.730596633042,0.00550625,1.5,-0.0244901602017,-0.0250326302267,1.24683456969,1.39558738519,-0.00330271142417,0.00550625,-0.0219662057117,-0.0039115419517,0.00425625,-0.0249956693195,-0.021763742378,-0.0248495550188
2016-01,0.0199261834136,0.728370954178,0.0187145833333,1.5,-0.0558750347881,-0.0879553869945,1.23384018563,1.38565379355,0.0001,0.0190928500802,0.728370954178,0.01788125,1.5,-0.0587378354069,-0.0884374542364,1.23384018563,1.38565379355,0.0201525409518,0.01788125,-0.056257127876,0.0195455651566,0.01663125,-0.0592460699422,-0.0560511430759,-0.0590900519825
2016-02,0.0115218206943,0.7275649546,-0.000476041666667,1.5,-0.000960346276399,-0.00690038702143,1.21912573588,1.33606192343,0.0002,0.0106884873609,0.7275649546,-0.001309375,1.5,-0.00377409872934,-0.00732046442572,1.21912573588,1.33606192343,0.0117488498988,-0.001309375,-0.00133042181337,0.0111425457699,-0.002559375,-0.00426175144769,-0.00113374020936,-0.00412088659526
2016-03,-0.0389513331063,0.727613196331,-0.00837916666667,1.5,0.0538304229701,0.092133570861,1.21716572844,1.33456322091,0.0002,-0.0397846664396,0.727613196331,-0.0092125,1.5,0.0510232038753,0.0917153668348,1.21716572844,1.33456322091,-0.0387243441033,-0.0092125,0.0534710183514,-0.0393306884335,-0.0104625,0.0505564129937,0.0536572711064,0.0506769001479
2016-04,-0.0345731757899,0.699698750683,-0.00357916666667,1.5,-0.00164336492576,0.0240449246002,1.2088683091,1.27142434735,0.0001,-0.0354065091232,0.699698750683,-0.0044125,1.5,-0.00442292595611,0.023705644166,1.2088683091,1.27142434735,-0.0343229247488,-0.0044125,-0.00199635083352,-0.034906007041,-0.0056625,-0.00487840788351,-0.00179424585768,-0.00472468781994
2016-05,0.00727173082447,0.692349069289,-0.00241666666667,1.5,0.00686866347148,0.00550336438831,1.24644234601,1.27795827333,0.0001,0.00643839749113,0.692349069289,-0.00325,1.5,0.00396385565143,0.00515591654665,1.24644234601,1.27795827333,0.00752810660006,-0.00325,0.00651000960456,0.00695114904232,-0.0045,0.00350470838328,0.00671881845574,0.00366416561996
2016-06,0.0486502883103,0.698750103016,0.0289520833333,1.5,0.0259943033921,-0.0214888617298,1.25218461859,1.27793101559,0.0002,0.0478169549769,0.698750103016,0.02811875,1.5,0.0230703546635,-0.0218362754992,1.25218461859,1.27793101559,0.0489013298911,0.02811875,0.0256341315943,0.0483190381386,0.02686875,0.0226093181888,0.0258387585034,0.0227592648861
2016-07,-0.00662707942441,0.680174924875,-0.00701041666667,1.5,0.0463337351881,0.0574230821314,1.26499863211,1.28526020968,0.0002,-0.00746041275774,0.680174924875,-0.00784375,1.5,0.0433670730811,0.0570665068693,1.26499863211,1.28526020968,-0.00636055852847,-0.00784375,0.0459833175215,-0.00692737096587,-0.00909375,0.042928192245,0.0461912845422,0.0430821717892
2016-08,-0.0123674168073,0.680152360472,-0.0129822916667,1.5,-0.0146279812706,0.00359724323034,1.30983072875,1.30135953354,0.0002,-0.0132007501406,0.680152360472,-0.013815625,1.5,-0.0177440836998,0.00322054381342,1.30983072875,1.30135953354,-0.0121008771077,-0.013815625,-0.0150017320652,-0.0126676707414,-0.015065625,-0.0182200747697,-0.0147754619566,-0.0180390450718
2016-09,0.00810795504499,0.677564169279,0.00136145833333,1.5,0.0163634318158,0.0116122093653,1.32744291671,1.31125282132,0.0002,0.00727462171165,0.677564169279,0.000528125,1.5,0.0131886220935,0.0112231433386,1.32744291671,1.31125282132,0.00837665157059,0.000528125,0.0159914256093,0.00781201476285,-0.000721875,0.0127194395589,0.0162161153791,0.01289398922
2016-10,-0.0244173184913,0.681520651828,0.00738020833333,1.5,-0.0390586691611,-0.0257235921428,1.35850543575,1.35529137869,0.0002,-0.0252506518246,0.681520651828,0.006546875,1.5,-0.0423370206136,-0.0261677063662,1.35850543575,1.35529137869,-0.0241519190345,0.006546875,-0.0394516515272,-0.024719852911,0.005296875,-0.0428415641244,-0.0392127921562,-0.0426452666039
2016-11,-0.0339537535261,0.670947339469,-0.00416979166667,1.5,-0.0091306967663,0.0186267587673,1.36792062599,1.36575168121,0.0001,-0.0347870868595,0.670947339469,-0.005003125,1.5,-0.0124404321863,0.0181695691658,1.36792062599,1.36575168121,-0.0336795429757,-0.005003125,-0.00951524441885,-0.0342386657586,-0.006253125,-0.0129263588125,-0.00927684826106,-0.0127327351758
2016-12,-0.0274216373995,0.656810439262,0.00185833333333,1.5,0.0115284613738,0.0306170647229,1.38237466793,1.36786186931,0.0003,-0.0282549707328,0.656810439262,0.001025,1.5,0.00817054581402,0.0301572373862,1.38237466793,1.36786186931,-0.0271356460988,0.001025,0.0111520599568,-0.0276829881316,-0.000225,0.0077038600089,0.011392979637,0.0078995823404
2017-01,0.00203097833185,0.646034454864,0.00678958333333,1.5,0.0421916056451,0.0371327311783,1.39269029654,1.36734994907,0.0004,0.00119764499852,0.646034454864,0.00595625,1.5,0.0387993046566,0.036673543742,1.39269029654,1.36734994907,0.00232594961947,0.00595625,0.0418242681486,0.00178758757375,0.00470625,0.0383529663817,0.042064492665,0.0385450786963
2017-02,0.0252604194132,0.660132644752,-0.0109947916667,1.5,0.0417813824761,0.0314803337058,1.46289704955,1.38423822301,0.0004,0.0244270860799,0.660132644752,-0.011828125,1.5,0.0381550589776,0.0310000359271,1.46289704955,1.38423822301,0.0255436422092,-0.011828125,0.0413877333585,0.0249935316719,-0.013078125,0.0376703116943,0.0416349714926,0.0378622370106
2017-03,-0.0121380085807,0.657319532618,-0.000785416666667,1.5,0.0102561573942,0.020813780037,1.49121768647,1.42168118354,0.0003,-0.0129713419141,0.657319532618,-0.00161875,1.5,0.00653543177267,0.0202866785575,1.49121768647,1.42168118354,-0.0118524415246,-0.00161875,0.0098492204653,-0.0124002078017,-0.00286875,0.00603041366158,0.0101095338508,0.00624218468584
2017-04,-0.0168321358598,0.65388460714,-0.00464791666667,1.5,0.00974314864105,0.0263791622985,1.49126638182,1.41954825928,0.0005,-0.0176654691931,0.65388460714,-0.00548125,1.5,0.00602226070167,0.0258547269744,1.49126638182,1.41954825928,-0.0165437063658,-0.00548125,0.00933821818723,-0.017088610205,-0.00673125,0.00552125041798,0.00959972180274,0.00573540702504
2017-05,0.00274755392761,0.649098074891,-0.00758229166667,1.5,0.0273419818921,0.031220635664,1.49227491347,1.41545232116,0.0006,0.00191422059427,0.649098074891,-0.008415625,1.5,0.0236177321806,0.0307013202625,1.49227491347,1.41545232116,0.00303997219853,-0.008415625,0.026943086385,0.00249905713612,-0.009665625,0.0231289096324,0.0272029223191,0.0233396130345
2017-06,-0.00787228622093,0.649607998424,0.00153958333333,1.5,0.00234739192877,0.00855989837233,1.49076601567,1.41261018365,0.0006,-0.00870561955426,0.649607998424,0.00070625,1.5,-0.00137182812348,0.00804413564277,1.49076601567,1.41261018365,-0.00758029288628,0.00070625,0.00194390171327,-0.00812163288497,-0.00054375,-0.00186988939068,0.00220799785394,-0.00165061627313
2017-07,-0.00178492396705,0.648947861048,0.0102677083333,1.5,0.0421855924347,0.0357582657158,1.49901287386,1.41753734658,0.0007,-0.00261825730038,0.648947861048,0.009434375,1.5,0.0384388828552,0.0352363440326,1.49901287386,1.41753734658,-0.00149238051792,0.009434375,0.0417861347569,-0.00203317040213,0.008184375,0.0379507206963,0.042046045709,0.0381597894037
2017-08,-0.00299698140983,0.64947464866,0.00429583333333,1.5,0.00132413894263,0.00222118509924,1.5,1.42370198479,0.0009,-0.00383031474317,0.64947464866,0.0034625,1.5,-0.00242586105737,0.00169155761825,1.5,1.42370198479,-0.00270487695038,0.0034625,0.000918217287213,-0.00324610582427,0.0022125,-0.0029252043682,0.00118400645951,-0.00270612602361
2017-09,0.0131763347722,0.652316073233,0.00483020833333,1.5,0.0464049073291,0.0331936653362,1.5,1.42729495799,0.0009,0.0123430014388,0.652316073233,0.003996875,1.5,0.0426549073291,0.0326595466387,1.5,1.42729495799,0.0134660713778,0.003996875,0.0459972097834,0.0129224746501,0.002746875,0.0421520122376,0.0462621110105,0.0423693146918
2017-10,0.0150271026691,0.656492926186,0.00369583333333,1.5,0.0394422020018,0.0264770685836,1.5,1.4523623035,0.0009,0.0141937693358,0.656492926186,0.0028625,1.5,0.0356922020018,0.0259116157043,1.5,1.4523623035,0.0153133585639,0.0028625,0.039031893923,0.0147662811255,0.0016125,0.0351840858441,0.0392954898835,0.0353987777652
2017-11,-0.00989394510241,0.655012575146,-0.00120729166667,1.5,0.0189240724232,0.028222869733,1.5,1.45002048382,0.0008,-0.0107272784357,0.655012575146,-0.002040625,1.5,0.0151740724232,0.0276603441283,1.5,1.45002048382,-0.0096064555817,-0.002040625,0.0185146895637,-0.0101522993943,-0.003290625,0.0146678067043,0.018778748134,0.0148834238448
2017-12,0.028633855117,0.68547141581,-0.00305416666667,1.5,0.0382847663378,0.0203307575097,1.5,1.44866593703,0.0009,0.0278005217837,0.68547141581,-0.0038875,1.5,0.0345347663378,0.0197699250884,1.5,1.44866593703,0.0288959622705,-0.0038875,0.0378563467029,0.0283247360907,-0.0051375,0.033990427068,0.0381108868854,0.0341870074331
2018-01,0.0106756171379,0.68677818692,0.00166145833333,1.5,0.0851028066035,0.0756900079811,1.5,1.45950264639,0.0011,0.00984228380461,0.68677818692,0.000828125,1.5,0.0813528066035,0.0751156296731,1.5,1.45950264639,0.0109366353155,0.000828125,0.0846735702366,0.0103643201597,-0.000421875,0.0808068338698,0.0849277020532,0.081002597503
2018-02,-0.0444575325832,0.797539169537,-0.00162916666667,1.5,-0.0959650244374,-0.0568311403653,1.5,1.43469431189,0.0011,-0.0452908659165,0.797539169537,-0.0024625,1.5,-0.0997150244374,-0.0573745082552,1.5,1.43469431189,-0.0442888152244,-0.0024625,-0.0964634864183,-0.0449534311991,-0.0037125,-0.100399448399,-0.0962439674088,-0.10027291038
2018-03,-0.0112675842387,0.777753239,-0.00895104166667,1.5,-0.0408705720044,-0.0246545509807,1.43401381131,1.43790721383,0.0012,-0.012100917572,0.777753239,-0.009784375,1.5,-0.0444006180421,-0.025201934998,1.43401381131,1.43790721383,-0.0110823786045,-0.009784375,-0.0413269373324,-0.0117305063037,-0.011034375,-0.0450127017576,-0.0411195107424,-0.0448984955181
2018-04,0.00692219585439,0.806670048191,0.00658333333333,1.5,0.0217338535005,0.0141780550418,1.40811517593,1.43205652693,0.0014,0.00608886252106,0.806670048191,0.00575,1.5,0.0182901362473,0.0136379843831,1.40811517593,1.43205652693,0.00708330414756,0.00575,0.0212564193763,0.0064110791074,0.0045,0.0176307963199,0.0214639617824,0.0177503528113
2018-05,-0.0186837728132,0.846354789229,-0.00837916666667,1.5,-0.0130241890235,0.00790974648346,1.40809698895,1.44102643383,0.0014,-0.0195171061466,0.846354789229,-0.0092125,1.5,-0.0164678456533,0.00735846344118,1.40809698895,1.44102643383,-0.0185557351376,-0.0092125,-0.0135174129083,-0.0192610307953,-0.0104625,-0.0171589131256,-0.0133290022334,-0.0170774720731
2018-06,-0.00124277063455,0.843996819687,-0.00752604166667,1.5,-0.0138903035746,-0.00621226080611,1.40357548469,1.44101801725,0.0014,-0.00207610396788,0.843996819687,-0.008359375,1.5,-0.0173188885236,-0.00676353332768,1.40357548469,1.44101801725,-0.00111276798429,-0.008359375,-0.0143799248429,-0.00181609866736,-0.009609375,-0.0180034395998,-0.0141920695139,-0.0179224204022
2018-07,-0.00329795455434,0.880563340174,-0.00176041666667,1.5,0.0322005940072,0.0378613137595,1.44792377076,1.45577188189,0.0016,-0.00413128788767,0.880563340174,-0.00259375,1.5,0.028624181438,0.0372915989072,1.44792377076,1.45577188189,-0.00319842400448,-0.00259375,0.0316621639696,-0.00393222678796,-0.00384375,0.0278514833597,0.0318562023156,0.0279353980548
2018-08,0.0262082918667,0.987740103123,-0.0107885416667,1.5,0.0233771057055,0.0136426066742,1.47572178455,1.4486720368,0.0016,0.0253749585334,0.987740103123,-0.011621875,1.5,0.0197080330903,0.0130817666282,1.47572178455,1.4486720368,0.0262185084475,-0.011621875,0.0227648150494,0.0253953916949,-0.012871875,0.0187934762343,0.0229272502709,0.0188083222211
2018-09,-0.0152445126394,0.979052576271,0.00788645833333,1.5,-0.00171854072957,0.005675,1.5,1.5,0.0015,-0.0160778459728,0.979052576271,0.007053125,1.5,-0.00546854072957,0.00505,1.5,1.5,-0.015227056453,0.007053125,-0.00233044858974,-0.0160429335999,0.005803125,-0.00637985644991,-0.00216765251982,-0.00636676431008
2018-10,-0.00615430944373,0.992530282013,0.00663020833333,1.5,-0.123093075833,-0.121575,1.5,1.5,0.0019,-0.00698764277706,0.992530282013,0.005796875,1.5,-0.126843075833,-0.1222,1.5,1.5,-0.00614808467874,0.005796875,-0.123713407259,-0.00697519324708,0.004546875,-0.127771238685,-0.123554822972,-0.127766570112
2018-11,-0.0263628297538,0.992718958453,-0.0155041666667,1.5,-0.0189002473154,0.014375,1.5,1.5,0.0018,-0.0271961630871,0.992718958453,-0.0163375,1.5,-0.0226502473154,0.01375,1.5,1.5,-0.0263567622192,-0.0163375,-0.0195206966644,-0.0271840280179,-0.0175875,-0.0235786460134,-0.0193621713389,-0.0235740953624
2018-12,-0.00789270912278,1.01978433371,0.0127333333333,1.5,-0.112019531842,-0.113775,1.5,1.5,0.0019,-0.00872604245611,1.01978433371,0.0119,1.5,-0.115769531842,-0.1144,1.5,1.5,-0.00790919606753,0.0119,-0.112656897051,-0.00875901634562,0.01065,-0.116731762259,-0.112506829655,-0.116744127468
2019-01,-0.0626430424689,1.01959234206,-0.0167229166667,1.5,0.0483230462281,0.105160059242,1.38306172061,1.3861138086,0.0021,-0.0634763758022,1.01959234206,-0.01755625,1.5,0.0449628404927,0.104677416981,1.38306172061,1.3861138086,-0.0626593694206,-0.01755625,0.0476985929582,-0.0635090297056,-0.01880625,0.0440102150526,0.047873903554,0.0440645551445
2019-02,-0.00552919710571,0.985422300109,-0.0121479166667,1.5,0.0285505147608,0.0422748555677,1.41187581746,1.39342293313,0.0018,-0.00636253043905,0.985422300109,-0.01298125,1.5,0.0250942620359,0.0417830769013,1.41187581746,1.39342293313,-0.00551704902247,-0.01298125,0.0279515352327,-0.00633823427256,-0.01423125,0.0241981411626,0.0281221672565,0.0242375670274
2019-03,0.056791197635,0.994539146344,0.00243958333333,1.5,0.0520207819417,0.011973474544,1.40775550152,1.38952355024,0.0019,0.0559578643017,0.994539146344,0.00160625,1.5,0.0485782636033,0.0114865701062,1.40775550152,1.38952355024,0.0567957483464,0.00160625,0.0514022589365,0.0559669657244,0.00035625,0.0476416844959,0.0515856630642,0.0477080258483
2019-04,-0.00377684231497,0.965903352962,-0.0166104166667,1.5,0.0341833830674,0.0520764181627,1.42047621708,1.46987686765,0.0021,-0.0046101756483,0.965903352962,-0.01744375,1.5,0.0306984623438,0.0514890720781,1.42047621708,1.46987686765,-0.00374842844244,-0.01744375,0.0335926091679,-0.00455334790324,-0.01869375,0.0298191082373,0.0337697551721,0.0298712065533
2019-05,0.0563096054739,0.998971210194,0.0214520833333,1.5,-0.0299102166747,-0.0857143080438,1.41417562967,1.45648909311,0.0021,0.0554762721406,0.998971210194,0.02061875,1.5,-0.0333741354403,-0.0862849194102,1.41417562967,1.45648909311,0.0563104627988,0.02061875,-0.0304790138983,0.0554779867903,0.01936875,-0.0342111354654,-0.0303512372531,-0.034256176597
2019-06,-0.0043989987076,0.946898372102,-0.00122604166667,1.5,0.081357082569,0.0846962995419,1.39865346379,1.35963862684,0.0018,-0.00523233204094,0.946898372102,-0.002059375,1.5,0.0779449043564,0.0842467512584,1.39865346379,1.35963862684,-0.00435474735102,-0.002059375,0.0807549976137,-0.00514382932777,-0.003309375,0.0770382944525,0.0809664225964,0.0771635844112
2019-07,0.0265876579012,1.03565003171,-0.00547291666667,1.5,0.0130795011912,0.00057867619035,1.34959915815,1.31862759469,0.0019,0.0257543245679,1.03565003171,-0.00630625,1.5,0.00983083733075,0.000180391696984,1.34959915815,1.31862759469,0.0265579495415,-0.00630625,0.0124925517085,0.0256949078484,-0.00755625,0.00894278417943,0.0126276806713,0.00892719629093
2019-08,0.102812737694,1.02029944936,0.00580520833333,1.5,0.0388555155268,-0.0330195264484,1.36856408298,1.34091687658,0.0016,0.101979404361,1.02029944936,0.004971875,1.5,0.0355436352502,-0.0334456725441,1.36856408298,1.34091687658,0.102795821486,0.004971875,0.0382577837628,0.101945571945,0.003721875,0.0346375525941,0.038410476065,0.0346535563267
2019-09,-0.0511634517153,0.873713798807,0.00233645833333,1.5,-0.00774355219265,0.0265132085874,1.36394221343,1.32187090633,0.0018,-0.0519967850486,0.873713798807,0.001503125,1.5,-0.0110400262374,0.0261108699545,1.36394221343,1.32187090633,-0.0510582132143,0.001503125,-0.00823542579352,-0.0517863080467,0.000253125,-0.0117356271066,-0.00806212970886,-0.0116771812698
2019-10,-0.0335608202891,0.839846312492,-0.00566041666667,1.5,0.00750275616425,0.0348785365124,1.36206262747,1.3194470847,0.0015,-0.0343941536225,0.839846312492,-0.00649375,1.5,0.004212547406,0.0344792276565,1.36206262747,1.3194470847,-0.0334273588829,-0.00649375,0.00702436901987,-0.03412723081,-0.00774375,0.00354341722373,0.00721344868842,0.00363393245434
2019-11,-0.00197027006162,0.836696838597,-0.0120072916667,1.5,0.0272600165167,0.0371358268621,1.38516626526,1.32641785324,0.0012,-0.00280360339496,0.836696838597,-0.012840625,1.5,0.0238927956325,0.0367278045456,1.38516626526,1.32641785324,-0.00183418409379,-0.012840625,0.026765428967,-0.00253143145928,-0.014090625,0.0231967528295,0.0269685283277,0.0233098192544
2019-12,-0.0254525821268,0.861807539672,0.00435208333333,1.5,0.0268225105574,0.0412803649,1.38526395632,1.3206962359,0.0014,-0.0262859154601,0.861807539672,0.00351875,1.5,0.0234549640364,0.0408794946051,1.38526395632,1.3206962359,-0.0253374217432,0.00351875,0.0263132066545,-0.0260555946929,0.00226875,0.0227297332962,0.0265092612175,0.0228284653566
2020-01,0.0136752515549,0.871083817658,-0.00404791666667,1.5,-0.0108416396648,-0.0148842972138,1.38252941323,1.31579601614,0.0013,0.0128419182215,0.871083817658,-0.00488125,1.5,-0.0142000710422,-0.015279042234,1.38252941323,1.31579601614,0.0137826817068,-0.00488125,-0.0113366037731,0.0130567785254,-0.00613125,-0.0148971748787,-0.0111622860978,-0.0148413639081
2020-02,0.0101031301079,0.868376884289,-0.00859479166667,1.5,-0.118634155112,-0.111455467392,1.38944289164,1.31454665196,0.0012,0.00926979677453,0.868376884289,-0.009428125,1.5,-0.122015631418,-0.111848650707,1.38944289164,1.31454665196,0.0102128160376,-0.009428125,-0.119082288969,0.00948916863405,-0.010678125,-0.122617688716,-0.118954054264,-0.122655429722
2020-03,0.0798808432753,0.884245225671,-0.0118666666667,1.5,-0.13098300295,-0.163243112604,1.25651515548,1.19246572583,0.0012,0.079047509942,0.884245225671,-0.0127,1.5,-0.133921386801,-0.163483694761,1.25651515548,1.19246572583,0.0799773055873,-0.0127,-0.131398947424,0.0792404345659,-0.01395,-0.134488069744,-0.131284759168,-0.134524899238
2020-04,-0.0115573469648,0.805253041515,-0.0136479166667,1.5,0.103461837704,0.106688257353,1.11466489964,0.998953720535,0,-0.0123906802981,0.805253041515,-0.01448125,1.5,0.100996288039,0.106688257353,1.11466489964,0.998953720535,-0.0113950578327,-0.01448125,0.103057193867,-0.012066102034,-0.01573125,0.100421357471,0.103249178423,0.100570969475
2020-05,-0.0359927282407,0.809722837969,-0.0234822916667,1.5,0.0228408878788,0.0491957677216,1.03508239285,0.926335240031,0.0001,-0.036826061574,0.809722837969,-0.024315625,1.5,0.0206406132359,0.0491957677216,1.03508239285,0.926335240031,-0.035834163939,-0.024315625,0.0224857527206,-0.0365089329706,-0.025565625,0.0201479632381,0.0226405199686,0.0202398774156
2020-06,-0.0138652384048,0.791022891439,0.00197083333333,1.5,0.0211533350292,0.0253227480234,1.03396566826,0.913867682008,0.0001,-0.0146985717381,0.791022891439,0.0011375,1.5,0.0189567828017,0.0253227480234,1.03396566826,0.913867682008,-0.0136910908143,0.0011375,0.0208074363252,-0.0143502765572,-0.0001125,0.0184822478947,0.0209652677302,0.0185806482037
2020-07,-0.0221879062796,0.789525911258,0.00714583333333,1.5,0.0357731637746,0.0396267547829,1.0312831837,0.910754718501,0.0001,-0.0230212396129,0.789525911258,0.0063125,1.5,0.0335855531623,0.0396267547829,1.0312831837,0.910754718501,-0.0220125112057,0.0063125,0.0354246802742,-0.022670449465,0.0050625,0.0331053243547,0.0355865492724,0.0332123241579
2020-08,-0.0200695492473,0.782769492308,-0.0161979166667,1.5,0.0504624193483,0.0619769493197,1.0281820705,0.904633761984,0.0001,-0.0209028825806,0.782769492308,-0.01703125,1.5,0.04828514578,0.0619769493197,1.0281820705,0.904633761984,-0.0198885238242,-0.01703125,0.0501149619376,-0.0205408317344,-0.01828125,0.0478061420333,0.050280707772,0.0479217226274
2020-09,-0.0164178347204,0.777615275813,-0.00412291666667,1.5,-0.0418149226891,-0.0263201046357,1.01158993769,0.883615539655,0.0001,-0.0172511680538,0.777615275813,-0.00495625,1.5,-0.0439368891481,-0.0263201046357,1.01158993769,0.883615539655,-0.016232514117,-0.00495625,-0.0421309876951,-0.0168805268468,-0.00620625,-0.0443563454883,-0.0419904432013,-0.0442879301725
2020-10,0.000743947047245,0.778044484124,-0.000963541666667,1.5,-0.0273148232266,-0.0227345659335,1.00192332425,0.878252535903,0.0001,-8.93862860887e-05,0.778044484124,-0.001796875,1.5,-0.0294045676408,-0.0227345659335,1.00192332425,0.878252535903,0.000928909977141,-0.001796875,-0.0276338465172,0.000280539573705,-0.003046875,-0.029832467828,-0.0274889352602,-0.029752791708
2020-11,-0.0594698997434,0.783060493564,-0.0232572916667,1.5,0.0909005619797,0.11672117829,1.00015812211,0.874221726311,0.0001,-0.0603032330768,0.783060493564,-0.024090625,1.5,0.0888167015727,0.11672117829,1.00015812211,0.874221726311,-0.0592891168214,-0.024090625,0.0905610638231,-0.0599416672327,-0.025340625,0.0883470076229,0.0907236211974,0.0884628200081
2020-12,0.0269259502246,0.743642519968,0.00215833333333,1.5,0.0583138656718,0.0387728623031,0.945581680691,0.802341541557,0.0001,0.0260926168912,0.743642519968,0.001325,1.5,0.0564119267361,0.0387728623031,0.945581680691,0.802341541557,0.0271395814579,0.001325,0.0580114866272,0.026519879358,7.5e-05,0.0560052012494,0.0581698757321,0.0561239468567
2021-01,-0.00822079007794,0.747101475576,0.00558020833333,1.5,-0.00730189269214,-0.00429936409556,0.927507907351,0.796178536215,0,-0.00905412341128,0.747101475576,0.004746875,1.5,-0.00914358571665,-0.00429936409556,0.927507907351,0.796178536215,-0.00801004130759,0.004746875,-0.00758903474126,-0.00863262587057,0.003496875,-0.00952348897845,-0.00744513554997,-0.00943007143229
2021-02,-0.0347759639184,0.749694954492,0.00396770833333,1.5,0.0115413696754,0.0231263985776,0.944520042034,0.802999950611,0,-0.0356092972518,0.749694954492,0.003134375,1.5,0.00964296953526,0.0231263985776,0.944520042034,0.802999950611,-0.0345673763805,0.003134375,0.0112451390577,-0.0351921221759,0.001884375,0.00924805042616,0.0113939684948,0.00934816717412
2021-03,-0.00133664856919,0.756093975488,0.0137552083333,1.5,0.0352754145015,0.0252841119782,0.974681076678,0.810388204429,0,-0.00216998190253,0.756093975488,0.012921875,1.5,0.0332764775793,0.0252841119782,0.974681076678,0.810388204429,-0.00113339354877,0.012921875,0.0349627020299,-0.00176347186167,0.011671875,0.0328552128303,0.0351194082817,0.0329644651396
2021-04,0.0326058171464,0.756807727869,0.000995833333333,1.5,0.0590397474971,0.0364337599245,0.976164559581,0.811442314577,0,0.0317724838131,0.756807727869,0.0001625,1.5,0.0570358656319,0.0364337599245,0.976164559581,0.811442314577,0.0328084773732,0.0001625,0.0587197206945,0.0321778042667,-0.0010875,0.0566005687321,0.0588830683705,0.0567225073786
2021-05,0.0209204596631,0.742086737335,0.0170645833333,1.5,0.0328165563507,0.01331072448,0.956779140157,0.806710574545,0,0.0200871263298,0.742086737335,0.01623125,1.5,0.0308772925502,0.01331072448,0.956779140157,0.806710574545,0.021135387382,0.01623125,0.032513252436,0.0205169817675,0.01498125,0.0304715645142,0.0326717916379,0.0305877631247
2021-06,-0.0295427264552,0.738202741372,-0.0169385416667,1.5,-0.0136762393719,0.00814832620103,0.954324441948,0.806764970399,0,-0.0303760597885,0.738202741372,-0.017771875,1.5,-0.0156073208451,0.00814832620103,0.954324441948,0.806764970399,-0.029324562073,-0.017771875,-0.0139658009845,-0.0299397310242,-0.019021875,-0.0159859039475,-0.0138183160583,-0.0158914742179
2021-07,-0.026247800314,0.728633072014,0.00538333333333,1.5,-0.00116385872782,0.00840168204758,0.953252824843,0.807854043037,0,-0.0270811336473,0.728633072014,0.00455,1.5,-0.00309136814396,0.00840168204758,0.953252824843,0.807854043037,-0.0260216612073,0.00455,-0.00145259888548,-0.026628855434,0.0033,-0.00346864272611,-0.00130007442891,-0.00336379954615
2021-08,0.0086310634326,0.721672887429,-0.0105354166667,1.5,0.0210400106966,0.019568033135,0.953835509937,0.808596410535,0,0.00779773009927,0.721672887429,-0.01136875,1.5,0.0191105589968,0.019568033135,0.953835509937,0.808596410535,0.00886300269307,-0.01136875,0.0207485291626,0.00826160862022,-0.01261875,0.0187278626667,0.0209078610268,0.0188462596573
2021-09,0.00704514692353,0.725962635518,0.0104833333333,1.5,-0.0290855659425,-0.0307847849152,0.952877081147,0.807999604072,0,0.00621181359019,0.725962635518,0.00965,1.5,-0.0310118228797,-0.0307847849152,0.952877081147,0.807999604072,0.00727351139393,0.00965,-0.0293659743361,0.006668542531,0.0084,-0.0313724295977,-0.0292201375779,-0.0312809661504
2021-10,0.0458370252449,0.725695538215,0.00520520833333,1.5,0.0705554274139,0.0402503853576,0.943944064662,0.798618757095,0,0.0450036919115,0.725695538215,0.004371875,1.5,0.0686589471984,0.0402503853576,0.943944064662,0.798618757095,0.0460656122964,0.004371875,0.0702551087208,0.0454608660145,0.003121875,0.0682563086666,0.0704222749366,0.0683926422437
2021-11,-0.0810473891611,0.699045439106,0.00539270833333,1.5,-0.0636487706183,-0.021895938331,0.972596393259,0.829391603447,0,-0.0818807224944,0.699045439106,0.004559375,1.5,-0.0656407585958,-0.021895938331,0.972596393259,0.829391603447,-0.0807965936937,0.004559375,-0.0639190997283,-0.0813791315596,0.003309375,-0.0659774121646,-0.0637697649159,-0.065882747191
2021-12,0.0311578746006,0.636938967964,0.0313989583333,1.5,0.0623800596636,0.0299576640484,0.937792635052,0.822525180398,0.0001,0.0303245412672,0.636938967964,0.030565625,1.5,0.0605040842134,0.0299576640484,0.937792635052,0.822525180398,0.0314604254606,0.030565625,0.0621248951278,0.0309296429873,0.029315625,0.0601897352648,0.0622997969413,0.0603435587689
2022-01,0.0334053884456,0.625234206089,0.0420395833333,1.5,-0.0186932511252,-0.0479032548915,0.969176889788,0.858481270456,0,0.0325720551123,0.625234206089,0.04120625,1.5,-0.0206738407578,-0.0479032548915,0.969176889788,0.858481270456,0.0337176932739,0.04120625,-0.0189442015141,0.0331966647688,0.03995625,-0.0209733085879,-0.0187691099367,-0.0208255583808
2022-02,0.0238561304255,0.628358819341,0.0118052083333,1.5,-0.00566599470273,-0.0191673274329,0.964663937086,0.851881219242,0,0.0230227970922,0.628358819341,0.010971875,1.5,-0.00763154115968,-0.0191673274329,0.964663937086,0.851881219242,0.0241658314094,0.010971875,-0.00591812215194,0.0236421990599,0.009721875,-0.00793441588567,-0.00574338415524,-0.00778632006471
2022-03,0.0623417287809,0.622895077764,0.00571145833333,1.5,0.0523968219343,0.0183086736765,0.96273482845,0.847623781319,0,0.0615083954475,0.622895077764,0.004878125,1.5,0.0504377058395,0.0183086736765,0.96273482845,0.847623781319,0.0626559828827,0.004878125,0.0521444976587,0.0621369036513,0.003628125,0.0501338953789,0.0523228748271,0.050289811625
2022-04,0.0300690791762,0.59720389428,0.0419458333333,1.5,-0.0447539913488,-0.0692200726107,0.954587323549,0.84724691078,0,0.0292357458428,0.59720389428,0.0411125,1.5,-0.046685949094,-0.0692200726107,0.954587323549,0.84724691078,0.0304047425976,0.0411125,-0.0449860909913,0.0299070726857,0.0398625,-0.0469504741607,-0.0448119848521,-0.0468019361006
2022-05,0.00128211231599,0.589637044059,0.0254833333333,1.5,0.0143234325362,0.002576239388,0.933544638734,0.812942638573,0.0003,0.000448778982656,0.589637044059,0.02465,1.5,0.0124616170738,0.002576239388,0.933544638734,0.812942638573,0.00162408144594,0.02465,0.0140933149252,0.00113271724256,0.0234,0.0121962442527,0.0142711324226,0.0123570168464
2022-06,-0.00301534157207,0.599410876263,0.00183020833333,1.5,-0.0827792179764,-0.0718075157395,0.940402314941,0.833228029223,0.0006,-0.0038486749054,0.599410876263,0.000996875,1.5,-0.0846638923595,-0.0718075157395,0.940402314941,0.833228029223,-0.00268151730229,0.000996875,-0.0830119691476,-0.00318102636584,-0.000253125,-0.0849332391957,-0.0828376468627,-0.0847807501322
2022-07,-0.0321106641003,0.599418327444,-0.0414354166667,1.5,0.036692878849,0.0636575535453,0.896857510736,0.806900558989,0.0008,-0.0329439974337,0.599418327444,-0.04226875,1.5,0.0349533538132,0.0636575535453,0.896857510736,0.806900558989,-0.0317768460399,-0.04226875,0.0364695612877,-0.0322763613127,-0.04351875,0.0346934187212,0.0366371513029,0.0348418987211
2022-08,0.037630847376,0.590276966876,0.0180302083333,1.5,-0.0118858273113,-0.0313513743334,0.891303959117,0.787947259085,0.0019,0.0367975140427,0.590276966876,0.017196875,1.5,-0.0136068405084,-0.0313513743334,0.891303959117,0.787947259085,0.037972283237,0.017196875,-0.0121049340136,0.0374803857646,0.015946875,-0.0138593100251,-0.0119361174476,-0.0137074207809
2022-09,0.0279125146906,0.612453596487,0.0207583333333,1.5,-0.0616444487962,-0.0721489774405,0.890466932795,0.782758746728,0.0019,0.0270791813573,0.612453596487,0.019925,1.5,-0.0633626719055,-0.0721489774405,0.890466932795,0.782758746728,0.0282354700269,0.019925,-0.0618706578367,0.0277250920298,0.018675,-0.0636294401687,-0.0617070339269,-0.0634878421669
2022-10,-0.0115494820982,0.619096003025,0.0128739583333,1.5,0.0603907240585,0.0531185965827,0.860411722008,0.748432939362,0.0023,-0.0123828154315,0.619096003025,0.012040625,1.5,0.0587726849851,0.0531185965827,0.860411722008,0.748432939362,-0.0112320621007,0.012040625,0.0601709948473,-0.0117479754365,0.010790625,0.0585122213129,0.0603266793103,0.0586445954888
2022-11,-0.0438951665627,0.624902510398,-0.00964479166667,1.5,0.0405873272871,0.0563697887416,0.842870915648,0.73751432747,0.0029,-0.0447284998961,0.624902510398,-0.010478125,1.5,0.0390277575683,0.0563697887416,0.842870915648,0.73751432747,-0.0435825853214,-0.010478125,0.0403681395677,-0.0441033374134,-0.011728125,0.038764919062,0.0405215293538,0.0388961617016
2022-12,0.00871294130927,0.604037637461,0.0286052083333,1.5,-0.0181750486642,-0.0281297839896,0.8372982319,0.725861062115,0.0033,0.00787960797593,0.604037637461,0.027771875,1.5,-0.0197160427706,-0.0281297839896,0.8372982319,0.725861062115,0.00904290994472,0.027771875,-0.0183854431859,0.00853954524683,0.026521875,-0.0199622978109,-0.0182294927454,-0.019824930933
2023-01,-0.0390896334108,0.607342863601,-0.0403854166667,1.5,0.0272105300591,0.0533570415408,0.833029241245,0.720477478913,0.0035,-0.0399229667441,0.607342863601,-0.04121875,1.5,0.0256837659216,0.0533570415408,0.833029241245,0.720477478913,-0.0387624191304,-0.04121875,0.0269996070862,-0.0392685381834,-0.04246875,0.025435487597,0.0271546427189,0.0255719912413
2023-02,0.0138827732534,0.591994459696,0.0128645833333,1.5,-0.00851946332808,-0.0155677272072,0.832124076092,0.710401768061,0.0034,0.01304943992,0.591994459696,0.01203125,1.5,-0.0100432102484,-0.0155677272072,0.832124076092,0.710401768061,0.0142227778703,0.01203125,-0.00872466609486,0.0137294491539,0.01078125,-0.0102802268975,-0.00856730758107,-0.0101388987544
2023-03,-0.0221859025091,0.590538096752,-0.0114916666667,1.5,0.00777961509848,0.0202160473151,0.871593973995,0.731984463222,0.0036,-0.0230192358425,0.590538096752,-0.012325,1.5,0.00612430185183,0.0202160473151,0.871593973995,0.731984463222,-0.0218446842564,-0.012325,0.0075653790647,-0.0223367993371,-0.013575,0.00587692232633,0.00773029481127,0.0060256612774
2023-04,0.0170607603051,0.616638181947,0.00958333333333,1.5,0.0265836128292,0.0133637207063,0.948378439185,0.808501697238,0.0035,0.0162274269718,0.616638181947,0.00875,1.5,0.0246723513653,0.0133637207063,0.948378439185,0.808501697238,0.0173802284868,0.00875,0.0263448593974,0.0168663633352,0.0075,0.0243909560526,0.0265144771187,0.0245340799441
2023-05,0.0140789780924,0.613711233427,-0.0166197916667,1.5,-0.0148870432157,-0.0100380930738,0.993288332099,0.847086526323,0.0036,0.013245644759,0.613711233427,-0.017453125,1.5,-0.0169480043227,-0.0100380930738,0.993288332099,0.847086526323,0.0144008853978,-0.017453125,-0.0151447332692,0.01388945937,-0.018703125,-0.0172576797105,-0.0149576357416,-0.0170891893745
2023-06,0.00879065417824,0.619303404233,0.00821458333333,1.5,0.0665212003108,0.0517430901874,0.98820342657,0.852555181917,0.004,0.00795732084491,0.619303404233,0.00738125,1.5,0.0644771888889,0.0517430901874,0.98820342657,0.852555181917,0.00910790134138,0.00738125,0.0662775516334,0.00859181517119,0.00613125,0.0641944997597,0.0664475152902,0.0643298188478
2023-07,-0.00939520953689,0.619974582351,0.00330208333333,1.5,0.029053952755,0.0294824811371,0.968840871,0.844002741118,0.0045,-0.0102285428702,0.619974582351,0.00246875,1.5,0.027074483185,0.0294824811371,0.968840871,0.844002741118,-0.00907852168885,0.00246875,0.0288072120869,-0.00959516717414,0.00121875,0.0267818310895,0.0289813050807,0.0269291878364
2023-08,0.00328377722167,0.622494659406,0.0167177083333,1.5,-0.0166874272866,-0.0214310867252,0.971348432136,0.847421134809,0.0045,0.00245044388834,0.622494659406,0.015884375,1.5,-0.0186752553937,-0.0214310867252,0.971348432136,0.847421134809,0.0035983650055,0.015884375,-0.0169423789626,0.00307961945599,0.014634375,-0.0189836565514,-0.0167617929087,-0.0188239866379
2023-09,-0.00571312162743,0.625699251486,0.0196614583333,1.5,-0.0368071890699,-0.0367767946727,0.975391546076,0.857553124692,0.0043,-0.00654645496076,0.625699251486,0.018828125,1.5,-0.0388084942234,-0.0367767946727,0.975391546076,0.857553124692,-0.005401204337,0.018828125,-0.0370664021835,-0.0059226203799,0.017578125,-0.0391244589463,-0.0368838178119,-0.0389617517075
2023-10,-0.00328254050417,0.627544959153,0.0121802083333,1.5,-0.0288046949806,-0.0272531373065,0.974854367943,0.849817481557,0.0047,-0.00411587383751,0.627544959153,0.011346875,1.5,-0.0308042095405,-0.0272531373065,0.974854367943,0.849817481557,-0.00297216130347,0.011346875,-0.0290652457768,-0.0034951154361,0.010096875,-0.0311232696319,-0.028882406081,-0.0309596317411
2023-11,0.00600263383151,0.627295031003,-0.0150072916667,1.5,0.0826457381785,0.0773876946739,0.970970989784,0.845743854854,0.0044,0.00516930049818,0.627295031003,-0.015840625,1.5,0.0806591682125,0.0773876946739,0.970970989784,0.845743854854,0.00631322130567,-0.015840625,0.0824068192208,0.00579047544651,-0.017090625,0.0803823237491,0.0825684883146,0.0805046684847
2023-12,-0.0436092589142,0.656129955646,-0.0132166666667,1.5,0.0240032038115,0.0487914697192,0.982230652216,0.895200597972,0.0043,-0.0444425922476,0.656129955646,-0.01405,1.5,0.0219791016375,0.0487914697192,0.982230652216,0.895200597972,-0.0433227005439,-0.01405,0.0237368786257,-0.043869475507,-0.0153,0.0216502691281,0.0239073565439,0.0217874071023
2024-01,0.0127449398021,0.638179865347,0.0216489583333,1.5,0.0215905269802,0.00550502643182,1.00279400236,0.894473813137,0.0047,0.0119116064688,0.638179865347,0.020815625,1.5,0.0194978803057,0.00550502643182,1.00279400236,0.894473813137,0.013046456581,0.020815625,0.0213253408896,0.0125146400266,0.019565625,0.0191757718956,0.0215039232676,0.0193246728804
2024-02,0.0344234497406,0.637688966098,0.00200833333333,1.5,0.0588713506658,0.0377606414053,1.00386086041,0.894950437473,0.0042,0.0335901164073,0.637688966098,0.001175,1.5,0.0567751477978,0.0377606414053,1.00386086041,0.894950437473,0.0347253756022,0.001175,0.0586101605017,0.0341939681305,-7.5e-05,0.0564611824954,0.0587849628134,0.0566023720928
2024-03,0.0223788300383,0.638358397892,0.0211427083333,1.5,0.0529280572645,0.0299083507209,0.9878502382,0.892277028604,0.0043,0.021545496705,0.638358397892,0.020309375,1.5,0.0508852231371,0.0299083507209,0.9878502382,0.892277028604,0.0226801980401,0.020309375,0.0526698153134,0.0221482327085,0.019059375,0.0505738899457,0.0528426339043,0.0507143764167
2024-04,0.00989482297687,0.635021789503,-0.00122604166667,1.5,-0.0333720815094,-0.0327147578842,0.98144224317,0.892953648788,0.0047,0.00906148964353,0.635021789503,-0.002059375,1.5,-0.0353935556533,-0.0327147578842,0.98144224317,0.892953648788,0.0101989714856,-0.002059375,-0.0336347098127,0.00966978666103,-0.003309375,-0.0357148313507,-0.0334549040644,-0.0355592007633
2024-05,0.00179964523785,0.640541190611,0.00277708333333,1.5,0.0453694680198,0.0404796357625,0.985879390343,0.890855204013,0.0044,0.000966311904514,0.640541190611,0.00194375,1.5,0.0433332033853,0.0404796357625,0.985879390343,0.890855204013,0.00209919424567,0.00194375,0.045107878917,0.00156540992016,0.00069375,0.0430151498084,0.0452828701052,0.0431600075562
2024-06,-0.0117548420484,0.642742012151,-0.00468541666667,1.5,0.002972107143,0.0114396881394,0.982547833487,0.884299775836,0.0041,-0.0125881753817,0.642742012151,-0.00551875,1.5,0.000946947698046,0.0114396881394,0.982547833487,0.884299775836,-0.0114571270585,-0.00551875,0.00270891508569,-0.011992745402,-0.00676875,0.000625118794476,0.00288445035876,0.000771634129563
2024-07,-0.0190542878914,0.649828619675,0.000873958333333,1.5,0.0121643682272,0.0205078957111,0.985334960033,0.884414127687,0.0045,-0.0198876212248,0.649828619675,4.0625e-05,1.5,0.0101299183605,0.0205078957111,0.985334960033,0.884414127687,-0.0187624784078,4.0625e-05,0.0118977904166,-0.0193040022576,-0.001209375,0.00980180820566,0.0120720986166,0.00994537913925
2024-08,-0.0235649079541,0.652345468548,-0.00553854166667,1.5,0.00728059712928,0.0209684701553,0.985838010337,0.883522959307,0.0048,-0.0243982412874,0.652345468548,-0.006371875,1.5,0.00524447042815,0.0209684701553,0.985838010337,0.883522959307,-0.0232751958446,-0.006371875,0.00701267419804,-0.0238188170684,-0.007621875,0.00491374126946,0.00718672965828,0.00505673548616
2024-09,0.00404024840573,0.64440431117,-0.00677604166667,1.5,0.0163401526126,0.0173580546034,0.987362050344,0.884639377706,0.004,0.0032069150724,0.64440431117,-0.007609375,1.5,0.0142989457781,0.0173580546034,0.987362050344,0.884639377706,0.00433657814642,-0.007609375,0.016075377287,0.00379957455378,-0.008859375,0.0139748886235,0.0162510405271,0.0141207216072
2024-10,-0.0303886027404,0.644496866821,0.00839270833333,1.5,-0.0329644383621,-0.0181677694561,0.997813787192,0.893431961785,0.0039,-0.0312219360738,0.644496866821,0.007559375,1.5,-0.0350404843194,-0.0181677694561,0.997813787192,0.893431961785,-0.0300923501295,0.007559375,-0.0332345169878,-0.0306294308518,0.006309375,-0.035373136051,-0.0330545514658,-0.0352207105268
2024-11,0.0130044890263,0.649262268775,0.00435208333333,1.5,0.0531572139872,0.0407628968671,1.01977355674,0.901051393802,0.004,0.012171155693,0.649262268775,0.00351875,1.5,0.051007968798,0.0407628968671,1.01977355674,0.901051393802,0.013296770469,0.00351875,0.0528816941815,0.0127557185784,0.00226875,0.0506693281663,0.0530620804155,0.0508177016546
2024-12,0.000721486038689,0.727311552295,0.00318020833333,1.5,-0.0286496265541,-0.0245967299184,1.04837799455,0.898308886298,0.0037,-0.000111847294644,0.727311552295,0.002346875,1.5,-0.0308942198693,-0.0245967299184,1.04837799455,0.898308886298,0.000948726411776,0.002346875,-0.0289691257276,0.00034263345153,0.001096875,-0.0313151847788,-0.0287985693225,-0.031192105406
2025-01,0.0195139309487,0.74036347968,-0.00615729166667,1.5,0.0438041716662,0.0325987216929,1.06805844936,0.897475828973,0.0037,0.0186805976154,0.74036347968,-0.006990625,1.5,0.041493976835,0.0325987216929,1.06805844936,0.897475828973,0.0197302947156,-0.006990625,0.043475528339,0.0191133251492,-0.008240625,0.041059040708,0.0436437202628,0.0411730740283
2025-02,-0.0152971049833,0.754426318313,0.0214614583333,1.5,-0.00781979225344,-0.00783842073154,1.06472545738,0.912985305864,0.0033,-0.0161304383166,0.754426318313,0.020628125,1.5,-0.0101188771114,-0.00783842073154,1.06472545738,0.912985305864,-0.0150924602485,0.020628125,-0.00815507798756,-0.0157211488471,0.019378125,-0.0105679723253,-0.00798910111478,-0.010457494834
2025-03,-0.00361800506095,0.759776389138,0.0204395833333,1.5,-0.0353265763201,-0.0364323349443,1.06351198659,0.915685860788,0.0034,-0.00445133839429,0.759776389138,0.01960625,1.5,-0.0376216162754,-0.0364323349443,1.06351198659,0.915685860788,-0.00341781871857,0.01960625,-0.0356645196776,-0.00405096570952,0.01835625,-0.0380761608268,-0.0354992483849,-0.037966960405
2025-04,-0.0261383403456,0.847606657566,-0.00626041666667,1.5,-0.00594529167332,0.0113666697239,1.06959564204,0.904214910795,0.0035,-0.0269716736789,0.847606657566,-0.00709375,1.5,-0.00826061048013,0.0113666697239,1.06959564204,0.904214910795,-0.0260113458936,-0.00709375,-0.00632301608787,-0.0267176847749,-0.00834375,-0.008793207708,-0.00617766577712,-0.00872535868773
2025-05,-0.0045879471462,0.868638101236,-0.000747916666667,1.5,0.0603081282062,0.056681456439,1.09352595868,0.94939778167,0.0038,-0.00542128047953,0.868638101236,-0.00158125,1.5,0.0579130416772,0.056681456439,1.09352595868,0.94939778167,-0.00447847889723,-0.00158125,0.0599101399711,-0.00520234398159,-0.00283125,0.0573451724746,0.060056181123,0.0574091475109
2025-06,-0.0229658060816,0.868963685931,0.000208333333333,1.5,0.0337719942864,0.0417038863922,1.07376981722,0.934241131517,0.0034,-0.023799139415,0.868963685931,-0.000625,1.5,0.0314427615623,0.0417038863922,1.07376981722,0.934241131517,-0.0228566091533,-0.000625,0.033384358427,-0.0235807455582,-0.001875,0.0308908826223,0.0335243804929,0.0309475339753
2025-07,-0.00613816847601,0.863156749009,-0.000963541666667,1.5,0.00562585587887,0.0102323057221,1.16914077018,0.990044959132,0.0035,-0.00697150180935,0.863156749009,-0.001796875,1.5,0.00297871997827,0.0102323057221,1.16914077018,0.990044959132,-0.00602413243352,-0.001796875,0.00520539362378,-0.00674342972436,-0.003046875,0.00238105340031,0.0053604925281,0.00244799327673
2025-08,0.00847592021307,0.891813757096,0.00608645833333,1.5,0.0418551740424,0.0308506285202,1.18036466537,1.02586992128,0.0038,0.00764258687974,0.891813757096,0.005253125,1.5,0.0391706251579,0.0308182911186,1.18036466537,1.02586992128,0.00856607541549,0.005253125,0.0414181732557,0.00782289728458,0.004003125,0.0385421399689,0.041566122096,0.038592521265
2025-09,0.0287527332393,0.950658413653,-0.000101041666667,1.5,0.0504103992354,0.0315023996761,1.18118223329,1.04669513305,0.0033,0.0279193999059,0.950658413653,-0.000934375,1.5,0.0477231251244,0.0314440307598,1.18118223329,1.04669513305,0.0287938512279,-0.000934375,0.0499458213525,0.0280016358832,-0.002184375,0.0470394033713,0.0500777056657,0.047057737985
2025-10,-0.00565972019343,0.971049106103,-0.0115760416667,1.5,0.00821653235405,0.0194166028916,1.26505876203,1.16197613587,0.0037,-0.00649305352676,0.971049106103,-0.012409375,1.5,0.00524966981394,0.0192141327217,1.26505876203,1.16197613587,-0.00563559444852,-0.012409375,0.00770497854418,-0.00644480203693,-0.013659375,0.00448916620048,0.00784409185467,0.00450478881517
2025-11,0.0154773700498,0.974051975849,0.0187614583333,1.5,0.0246422042287,0.0038303733014,1.31398028153,1.19893342458,0.003,0.0146440367164,0.974051975849,0.017928125,1.5,0.0215122699569,0.00358170652067,1.31398028153,1.19893342458,0.0154989934032,0.017928125,0.024111536795,0.0146872834234,0.016678125,0.0207234292817,0.0242528948857,0.020733651271
2025-12,0.0282885037252,1.0466133301,0.00891770833333,1.5,0.0350577225783,0.0114549274532,1.33349038237,1.24861054188,0.0034,0.0274551703919,1.0466133301,0.008084375,1.5,0.031862754637,0.0111441642759,1.33349038237,1.24861054188,0.0282496592834,0.008084375,0.0344816457693,0.0273774815084,0.006834375,0.0309866226948,0.0346021578167,0.0309516251138
2026-01,0.0432680231191,1.03613200094,0.0352614583333,1.5,0.0828244860926,0.0300924755755,1.35555658678,1.29536218424,0.003,0.0424346897858,1.03613200094,0.034428125,1.5,0.0795559641367,0.0297232728452,1.35555658678,1.29536218424,0.0432379131183,0.034428125,0.0822544208427,0.0423744697842,0.033178125,0.0786961640145,0.0823702628018,0.0786475175551
2026-02,0.0347150321829,1.08411633447,0.0400427083333,1.5,0.0639437364311,0.0165596463208,1.3198595754,1.35239419684,0.0028,0.0338816988495,1.08411633447,0.039209375,1.5,0.0607942045131,0.0161191535747,1.3198595754,1.35239419684,0.0346449352375,0.039209375,0.0633693796192,0.0337415049587,0.037959375,0.0599168345085,0.0634618917203,0.0598305150916
2026-03,0.0193631701462,1.07510953069,-1.66666666667e-05,1.5,-0.075005957516,-0.090629168013,1.31429904158,1.38061424637,0.0029,0.0185298368128,1.07510953069,-0.00085,1.5,-0.0781369543213,-0.0911049358209,1.31429904158,1.38061424637,0.0193005788706,-0.00085,-0.0756305154344,0.0184046542617,-0.0021,-0.0791162229159,-0.0754783737066,-0.0790817867025
2026-04,0.0560947306931,1.10451070004,0.00975208333333,1.5,0.150439855808,0.11499507379,1.23322925459,1.27481395964,0.0029,0.0552613973598,1.10451070004,0.00891875,1.5,0.147579091626,0.114651556341,1.23322925459,1.27481395964,0.0560076384431,0.00891875,0.149894578351,0.0550872128597,0.00766875,0.146743626093,0.149973918133,0.146647216276
2026-05,-0.000805984972713,1.06901900265,-0.00361666666667,1.5,0.0444686646851,0.0518516985641,1.09948266377,1.18902875004,0.0031,-0.00163931830605,1.06901900265,-0.00445,1.5,0.0420537224725,0.0516154126266,1.09948266377,1.18902875004,-0.000863500808258,-0.00445,0.0439952759175,-0.00175434997714,-0.0057,0.0413326732196,0.0440776481046,0.0412716893115
